{
  "type": "FeatureCollection",
  "features": [
    {
      "type": "Feature",
      "properties": {
        "room": "1710",
        "building": "SW3",
        "floor": "1",
        "type": "room",
        "source": "traced",
        "uv": [
          [
            0.47083,
            0.571424
          ],
          [
            0.471099,
            0.491304
          ],
          [
            0.454486,
            0.49107
          ],
          [
            0.454383,
            0.504573
          ],
          [
            0.414577,
            0.500394
          ],
          [
            0.392449,
            0.51705
          ],
          [
            0.39254,
            0.555294
          ],
          [
            0.414182,
            0.571201
          ],
          [
            0.454593,
            0.568076
          ],
          [
            0.454893,
            0.571201
          ]
        ],
        "name": "Lecture Hall"
      },
      "geometry": {
        "type": "Polygon",
        "coordinates": [
          [
            [
              -123.00272754258006,
              49.249967319701
            ],
            [
              -123.00272676932418,
              49.25006485143231
            ],
            [
              -123.00277452434175,
              49.25006513628535
            ],
            [
              -123.00277482042114,
              49.25004869880447
            ],
            [
              -123.00288924504216,
              49.25005378598751
            ],
            [
              -123.00295285324228,
              49.25003351029459
            ],
            [
              -123.00295259165757,
              49.24998695508325
            ],
            [
              -123.00289038049222,
              49.24996759116351
            ],
            [
              -123.00277421676414,
              49.24997139529057
            ],
            [
              -123.002773354397,
              49.24996759116351
            ],
            [
              -123.00272754258006,
              49.249967319701
            ]
          ]
        ]
      }
    },
    {
      "type": "Feature",
      "properties": {
        "room": "1750",
        "building": "SW3",
        "floor": "1",
        "type": "room",
        "source": "traced",
        "uv": [
          [
            0.372967,
            0.517183
          ],
          [
            0.373069,
            0.55541
          ],
          [
            0.35027,
            0.571134
          ],
          [
            0.311477,
            0.568149
          ],
          [
            0.311351,
            0.571631
          ],
          [
            0.29194,
            0.57359
          ],
          [
            0.291841,
            0.494029
          ],
          [
            0.31121,
            0.494547
          ],
          [
            0.311803,
            0.504097
          ],
          [
            0.350759,
            0.500231
          ]
        ],
        "name": "Lecture Hall"
      },
      "geometry": {
        "type": "Polygon",
        "coordinates": [
          [
            [
              -123.00300885536423,
              49.25003334839094
            ],
            [
              -123.00300856215941,
              49.24998681387406
            ],
            [
              -123.00307409918736,
              49.24996767272399
            ],
            [
              -123.003185611882,
              49.24997130642616
            ],
            [
              -123.0031859740762,
              49.24996706771562
            ],
            [
              -123.00324177210462,
              49.24996468298445
            ],
            [
              -123.00324205668576,
              49.25006153423352
            ],
            [
              -123.00318637938877,
              49.250060903661414
            ],
            [
              -123.00318467477639,
              49.25004927824911
            ],
            [
              -123.00307269352892,
              49.250053984410776
            ],
            [
              -123.00300885536423,
              49.25003334839094
            ]
          ]
        ]
      }
    },
    {
      "type": "Feature",
      "properties": {
        "room": "1990",
        "building": "SW3",
        "floor": "1",
        "type": "room",
        "source": "traced",
        "uv": [
          [
            0.237245,
            0.713602
          ],
          [
            0.236805,
            0.788272
          ],
          [
            0.291345,
            0.788853
          ],
          [
            0.291233,
            0.713376
          ]
        ],
        "name": "Electrical Lab"
      },
      "geometry": {
        "type": "Polygon",
        "coordinates": [
          [
            [
              -123.00339899600671,
              49.249794243484146
            ],
            [
              -123.00340026081184,
              49.24970334615043
            ],
            [
              -123.0032434824661,
              49.24970263888713
            ],
            [
              -123.0032438044165,
              49.24979451859861
            ],
            [
              -123.00339899600671,
              49.249794243484146
            ]
          ]
        ]
      }
    },
    {
      "type": "Feature",
      "properties": {
        "room": "1985",
        "building": "SW3",
        "floor": "1",
        "type": "room",
        "source": "traced",
        "uv": [
          [
            0.194017,
            0.647626
          ],
          [
            0.237023,
            0.647342
          ],
          [
            0.236805,
            0.788272
          ],
          [
            0.193821,
            0.788755
          ]
        ],
        "name": "Electrical Lab"
      },
      "geometry": {
        "type": "Polygon",
        "coordinates": [
          [
            [
              -123.00352325736222,
              49.24987455743204
            ],
            [
              -123.00339963415838,
              49.2498749031511
            ],
            [
              -123.00340026081184,
              49.24970334615043
            ],
            [
              -123.00352382077541,
              49.249702758184554
            ],
            [
              -123.00352325736222,
              49.24987455743204
            ]
          ]
        ]
      }
    },
    {
      "type": "Feature",
      "properties": {
        "room": "1950",
        "building": "SW3",
        "floor": "1",
        "type": "room",
        "source": "traced",
        "uv": [
          [
            0.248895,
            0.665699
          ],
          [
            0.266964,
            0.665699
          ],
          [
            0.266957,
            0.698341
          ],
          [
            0.24849,
            0.698341
          ]
        ],
        "name": "Office"
      },
      "geometry": {
        "type": "Polygon",
        "coordinates": [
          [
            [
              -123.00336550741616,
              49.24985255679574
            ],
            [
              -123.00331356704343,
              49.24985255679574
            ],
            [
              -123.00331358716532,
              49.24981282101474
            ],
            [
              -123.0033666716118,
              49.24981282101474
            ],
            [
              -123.00336550741616,
              49.24985255679574
            ]
          ]
        ]
      }
    },
    {
      "type": "Feature",
      "properties": {
        "room": "S190",
        "building": "SW3",
        "floor": "1",
        "type": "stairs",
        "source": "traced",
        "uv": [
          [
            0.266964,
            0.665699
          ],
          [
            0.283047,
            0.665417
          ],
          [
            0.283271,
            0.698617
          ],
          [
            0.266957,
            0.698341
          ]
        ],
        "name": "SW Stairs"
      },
      "geometry": {
        "type": "Polygon",
        "coordinates": [
          [
            [
              -123.00331356704343,
              49.24985255679574
            ],
            [
              -123.00326733554115,
              49.249852900080164
            ],
            [
              -123.00326669164035,
              49.24981248503424
            ],
            [
              -123.00331358716532,
              49.24981282101474
            ],
            [
              -123.00331356704343,
              49.24985255679574
            ]
          ]
        ]
      }
    },
    {
      "type": "Feature",
      "properties": {
        "room": "1920",
        "building": "SW3",
        "floor": "1",
        "type": "room",
        "source": "traced",
        "uv": [
          [
            0.248994,
            0.577945
          ],
          [
            0.291383,
            0.577945
          ],
          [
            0.291329,
            0.669197
          ],
          [
            0.283503,
            0.669197
          ],
          [
            0.283047,
            0.665417
          ],
          [
            0.248895,
            0.665699
          ]
        ],
        "name": "Drafting Lab"
      },
      "geometry": {
        "type": "Polygon",
        "coordinates": [
          [
            [
              -123.00336522283501,
              49.249959381552976
            ],
            [
              -123.00324337323293,
              49.249959381552976
            ],
            [
              -123.00324352845901,
              49.24984829860807
            ],
            [
              -123.0032660247431,
              49.24984829860807
            ],
            [
              -123.00326733554115,
              49.249852900080164
            ],
            [
              -123.00336550741616,
              49.24985255679574
            ],
            [
              -123.00336522283501,
              49.249959381552976
            ]
          ]
        ]
      }
    },
    {
      "type": "Feature",
      "properties": {
        "room": "1975",
        "building": "SW3",
        "floor": "1",
        "type": "room",
        "source": "traced",
        "uv": [
          [
            0.213009,
            0.623044
          ],
          [
            0.236981,
            0.622542
          ],
          [
            0.237023,
            0.647342
          ],
          [
            0.212742,
            0.646737
          ]
        ],
        "name": "Office"
      },
      "geometry": {
        "type": "Polygon",
        "coordinates": [
          [
            [
              -123.00346866377325,
              49.24990448160851
            ],
            [
              -123.00339975488978,
              49.24990509270348
            ],
            [
              -123.00339963415838,
              49.2498749031511
            ],
            [
              -123.00346943128,
              49.249875639630105
            ],
            [
              -123.00346866377325,
              49.24990448160851
            ]
          ]
        ]
      }
    },
    {
      "type": "Feature",
      "properties": {
        "room": "1955",
        "building": "SW3",
        "floor": "1",
        "type": "room",
        "source": "traced",
        "uv": [
          [
            0.212786,
            0.598542
          ],
          [
            0.236915,
            0.598287
          ],
          [
            0.236981,
            0.622542
          ],
          [
            0.213009,
            0.623044
          ]
        ],
        "name": "Office"
      },
      "geometry": {
        "type": "Polygon",
        "coordinates": [
          [
            [
              -123.0034693047995,
              49.24993430839933
            ],
            [
              -123.00339994461056,
              49.2499346188161
            ],
            [
              -123.00339975488978,
              49.24990509270348
            ],
            [
              -123.00346866377325,
              49.24990448160851
            ],
            [
              -123.0034693047995,
              49.24993430839933
            ]
          ]
        ]
      }
    },
    {
      "type": "Feature",
      "properties": {
        "room": "1965",
        "building": "SW3",
        "floor": "1",
        "type": "service",
        "source": "traced",
        "uv": [
          [
            0.193709,
            0.609948
          ],
          [
            0.212565,
            0.609948
          ],
          [
            0.212742,
            0.646737
          ],
          [
            0.194017,
            0.647626
          ]
        ]
      },
      "geometry": {
        "type": "Polygon",
        "coordinates": [
          [
            [
              -123.00352414272581,
              49.24992042363988
            ],
            [
              -123.00346994007661,
              49.24992042363988
            ],
            [
              -123.00346943128,
              49.249875639630105
            ],
            [
              -123.00352325736222,
              49.24987455743204
            ],
            [
              -123.00352414272581,
              49.24992042363988
            ]
          ]
        ]
      }
    },
    {
      "type": "Feature",
      "properties": {
        "room": "1945",
        "building": "SW3",
        "floor": "1",
        "type": "service",
        "source": "traced",
        "uv": [
          [
            0.193889,
            0.588088
          ],
          [
            0.21269,
            0.588088
          ],
          [
            0.212565,
            0.609948
          ],
          [
            0.193709,
            0.609948
          ]
        ]
      },
      "geometry": {
        "type": "Polygon",
        "coordinates": [
          [
            [
              -123.00352362530553,
              49.24994703426952
            ],
            [
              -123.00346958075697,
              49.24994703426952
            ],
            [
              -123.00346994007661,
              49.24992042363988
            ],
            [
              -123.00352414272581,
              49.24992042363988
            ],
            [
              -123.00352362530553,
              49.24994703426952
            ]
          ]
        ]
      }
    },
    {
      "type": "Feature",
      "properties": {
        "room": "1915",
        "building": "SW3",
        "floor": "1",
        "type": "room",
        "source": "traced",
        "uv": [
          [
            0.225004,
            0.598425
          ],
          [
            0.224892,
            0.490525
          ],
          [
            0.193692,
            0.490525
          ],
          [
            0.193889,
            0.588088
          ],
          [
            0.21269,
            0.588088
          ],
          [
            0.212786,
            0.598542
          ]
        ],
        "name": "Drafting Lab"
      },
      "geometry": {
        "type": "Polygon",
        "coordinates": [
          [
            [
              -123.0034341834605,
              49.24993445082585
            ],
            [
              -123.00343450541091,
              49.25006579972511
            ],
            [
              -123.00352419159329,
              49.25006579972511
            ],
            [
              -123.00352362530553,
              49.24994703426952
            ],
            [
              -123.00346958075697,
              49.24994703426952
            ],
            [
              -123.0034693047995,
              49.24993430839933
            ],
            [
              -123.0034341834605,
              49.24993445082585
            ]
          ]
        ]
      }
    },
    {
      "type": "Feature",
      "properties": {
        "room": "S180",
        "building": "SW3",
        "floor": "1",
        "type": "stairs",
        "source": "traced",
        "uv": [
          [
            0.283162,
            0.468842
          ],
          [
            0.282782,
            0.492162
          ],
          [
            0.244564,
            0.49246
          ],
          [
            0.244388,
            0.469171
          ]
        ],
        "name": "NW Stairs"
      },
      "geometry": {
        "type": "Polygon",
        "coordinates": [
          [
            [
              -123.00326700496707,
              49.250092194888985
            ],
            [
              -123.00326809729879,
              49.250063806971184
            ],
            [
              -123.00337795712309,
              49.25006344420963
            ],
            [
              -123.00337846304514,
              49.25009179439049
            ],
            [
              -123.00326700496707,
              49.250092194888985
            ]
          ]
        ]
      }
    },
    {
      "type": "Feature",
      "properties": {
        "room": "1910",
        "building": "SW3",
        "floor": "1",
        "type": "room",
        "source": "traced",
        "uv": [
          [
            0.236491,
            0.469171
          ],
          [
            0.241854,
            0.469323
          ],
          [
            0.242153,
            0.492757
          ],
          [
            0.236361,
            0.492311
          ]
        ],
        "name": "Communications"
      },
      "geometry": {
        "type": "Polygon",
        "coordinates": [
          [
            [
              -123.00340116342278,
              49.25009179439049
            ],
            [
              -123.0033857471729,
              49.25009160935775
            ],
            [
              -123.00338488768033,
              49.25006308266539
            ],
            [
              -123.00340153711521,
              49.25006362559041
            ],
            [
              -123.00340116342278,
              49.25009179439049
            ]
          ]
        ]
      }
    },
    {
      "type": "Feature",
      "properties": {
        "room": "1924",
        "building": "SW3",
        "floor": "1",
        "type": "service",
        "source": "traced",
        "uv": [
          [
            0.283271,
            0.698617
          ],
          [
            0.291201,
            0.698422
          ],
          [
            0.291329,
            0.669197
          ],
          [
            0.283503,
            0.669197
          ]
        ]
      },
      "geometry": {
        "type": "Polygon",
        "coordinates": [
          [
            [
              -123.00326669164035,
              49.24981248503424
            ],
            [
              -123.00324389640232,
              49.24981272241177
            ],
            [
              -123.00324352845901,
              49.24984829860807
            ],
            [
              -123.0032660247431,
              49.24984829860807
            ],
            [
              -123.00326669164035,
              49.24981248503424
            ]
          ]
        ]
      }
    },
    {
      "type": "Feature",
      "properties": {
        "room": "S170",
        "building": "SW3",
        "floor": "1",
        "type": "stairs",
        "source": "traced",
        "uv": [
          [
            0.516672,
            0.572268
          ],
          [
            0.516896,
            0.51892
          ],
          [
            0.534885,
            0.518737
          ],
          [
            0.534766,
            0.571387
          ]
        ],
        "name": "Center Stairs"
      },
      "geometry": {
        "type": "Polygon",
        "coordinates": [
          [
            [
              -123.00259576713222,
              49.249966292282366
            ],
            [
              -123.00259512323142,
              49.250031233904956
            ],
            [
              -123.00254341282324,
              49.250031456674634
            ],
            [
              -123.00254375489554,
              49.24996736474186
            ],
            [
              -123.00259576713222,
              49.249966292282366
            ]
          ]
        ]
      }
    },
    {
      "type": "Feature",
      "properties": {
        "room": "1610",
        "building": "SW3",
        "floor": "1",
        "type": "room",
        "source": "traced",
        "uv": [
          [
            0.53575,
            0.538433
          ],
          [
            0.562639,
            0.538433
          ],
          [
            0.562529,
            0.545499
          ],
          [
            0.571524,
            0.545609
          ],
          [
            0.571056,
            0.569126
          ],
          [
            0.535794,
            0.569233
          ]
        ],
        "name": "Women's Washroom",
        "amenity": "washroom"
      },
      "geometry": {
        "type": "Polygon",
        "coordinates": [
          [
            [
              -123.00254092633133,
              49.25000748032691
            ],
            [
              -123.00246363236472,
              49.25000748032691
            ],
            [
              -123.00246394856602,
              49.24999887873912
            ],
            [
              -123.00243809192465,
              49.24999874483385
            ],
            [
              -123.00243943721739,
              49.24997011710388
            ],
            [
              -123.00254079985082,
              49.249969986850566
            ],
            [
              -123.00254092633133,
              49.25000748032691
            ]
          ]
        ]
      }
    },
    {
      "type": "Feature",
      "properties": {
        "room": "1620",
        "building": "SW3",
        "floor": "1",
        "type": "room",
        "source": "traced",
        "uv": [
          [
            0.571524,
            0.545609
          ],
          [
            0.571056,
            0.569126
          ],
          [
            0.592725,
            0.56934
          ],
          [
            0.592533,
            0.5188
          ],
          [
            0.584331,
            0.519254
          ],
          [
            0.583908,
            0.54517
          ]
        ],
        "name": "Men's Washroom",
        "amenity": "washroom"
      },
      "geometry": {
        "type": "Polygon",
        "coordinates": [
          [
            [
              -123.00243809192465,
              49.24999874483385
            ],
            [
              -123.00243943721739,
              49.24997011710388
            ],
            [
              -123.002377148439,
              49.24996985659726
            ],
            [
              -123.00237770035396,
              49.25003137998343
            ],
            [
              -123.00240127747152,
              49.250030827319854
            ],
            [
              -123.00240249340918,
              49.24999927923762
            ],
            [
              -123.00243809192465,
              49.24999874483385
            ]
          ]
        ]
      }
    },
    {
      "type": "Feature",
      "properties": {
        "room": "1624",
        "building": "SW3",
        "floor": "1",
        "type": "service",
        "source": "traced",
        "uv": [
          [
            0.574008,
            0.531306
          ],
          [
            0.583732,
            0.531082
          ],
          [
            0.583908,
            0.54517
          ],
          [
            0.573839,
            0.544729
          ]
        ],
        "name": "Janitor"
      },
      "geometry": {
        "type": "Polygon",
        "coordinates": [
          [
            [
              -123.00243095152474,
              49.250016156171256
            ],
            [
              -123.00240299933124,
              49.25001642885108
            ],
            [
              -123.00240249340918,
              49.24999927923762
            ],
            [
              -123.0024314373249,
              49.249999816076034
            ],
            [
              -123.00243095152474,
              49.250016156171256
            ]
          ]
        ]
      }
    },
    {
      "type": "Feature",
      "properties": {
        "room": "1612",
        "building": "SW3",
        "floor": "1",
        "type": "room",
        "source": "traced",
        "uv": [
          [
            0.544655,
            0.51914
          ],
          [
            0.554082,
            0.518913
          ],
          [
            0.554046,
            0.53699
          ],
          [
            0.544497,
            0.536768
          ]
        ],
        "name": "Women's Washroom",
        "amenity": "washroom"
      },
      "geometry": {
        "type": "Polygon",
        "coordinates": [
          [
            [
              -123.00251532840011,
              49.250030966094414
            ],
            [
              -123.00248822995007,
              49.2500312424262
            ],
            [
              -123.00248833343413,
              49.250009236920626
            ],
            [
              -123.00251578258013,
              49.25000950716581
            ],
            [
              -123.00251532840011,
              49.250030966094414
            ]
          ]
        ]
      }
    },
    {
      "type": "Feature",
      "properties": {
        "room": "1616",
        "building": "SW3",
        "floor": "1",
        "type": "room",
        "source": "traced",
        "uv": [
          [
            0.554082,
            0.518913
          ],
          [
            0.562571,
            0.519027
          ],
          [
            0.562439,
            0.536324
          ],
          [
            0.554046,
            0.53699
          ]
        ],
        "name": "Women's Washroom",
        "amenity": "washroom"
      },
      "geometry": {
        "type": "Polygon",
        "coordinates": [
          [
            [
              -123.00248822995007,
              49.2500312424262
            ],
            [
              -123.00246382783462,
              49.250031103651644
            ],
            [
              -123.00246420727616,
              49.25001004765618
            ],
            [
              -123.00248833343413,
              49.250009236920626
            ],
            [
              -123.00248822995007,
              49.2500312424262
            ]
          ]
        ]
      }
    },
    {
      "type": "Feature",
      "properties": {
        "room": "1622",
        "building": "SW3",
        "floor": "1",
        "type": "room",
        "source": "traced",
        "uv": [
          [
            0.564674,
            0.519027
          ],
          [
            0.573524,
            0.518913
          ],
          [
            0.573839,
            0.544729
          ],
          [
            0.564407,
            0.543959
          ]
        ],
        "name": "Men's Washroom",
        "amenity": "washroom"
      },
      "geometry": {
        "type": "Polygon",
        "coordinates": [
          [
            [
              -123.00245778264097,
              49.250031103651644
            ],
            [
              -123.0024323428104,
              49.2500312424262
            ],
            [
              -123.0024314373249,
              49.249999816076034
            ],
            [
              -123.00245855014772,
              49.25000075341294
            ],
            [
              -123.00245778264097,
              49.250031103651644
            ]
          ]
        ]
      }
    },
    {
      "type": "Feature",
      "properties": {
        "room": "1605",
        "building": "SW3",
        "floor": "1",
        "type": "room",
        "source": "traced",
        "uv": [
          [
            0.537567,
            0.45949
          ],
          [
            0.557338,
            0.459302
          ],
          [
            0.557486,
            0.491772
          ],
          [
            0.537471,
            0.491589
          ]
        ],
        "name": "Office"
      },
      "geometry": {
        "type": "Polygon",
        "coordinates": [
          [
            [
              -123.00253570326103,
              49.2501035792718
            ],
            [
              -123.00247887039207,
              49.25010380812809
            ],
            [
              -123.0024784449576,
              49.250064281726246
            ],
            [
              -123.00253597921852,
              49.250064504495924
            ],
            [
              -123.00253570326103,
              49.2501035792718
            ]
          ]
        ]
      }
    },
    {
      "type": "Feature",
      "properties": {
        "room": "1615",
        "building": "SW3",
        "floor": "1",
        "type": "room",
        "source": "traced",
        "uv": [
          [
            0.537425,
            0.427018
          ],
          [
            0.557545,
            0.427402
          ],
          [
            0.557338,
            0.459302
          ],
          [
            0.537567,
            0.45949
          ]
        ],
        "name": "Office"
      },
      "geometry": {
        "type": "Polygon",
        "coordinates": [
          [
            [
              -123.00253611144815,
              49.25014310810829
            ],
            [
              -123.00247827535874,
              49.25014264065716
            ],
            [
              -123.00247887039207,
              49.25010380812809
            ],
            [
              -123.00253570326103,
              49.2501035792718
            ],
            [
              -123.00253611144815,
              49.25014310810829
            ]
          ]
        ]
      }
    },
    {
      "type": "Feature",
      "properties": {
        "room": "1625",
        "building": "SW3",
        "floor": "1",
        "type": "room",
        "source": "traced",
        "uv": [
          [
            0.557545,
            0.427402
          ],
          [
            0.592109,
            0.426793
          ],
          [
            0.592061,
            0.492034
          ],
          [
            0.557486,
            0.491772
          ]
        ],
        "name": "Computer Lab"
      },
      "geometry": {
        "type": "Polygon",
        "coordinates": [
          [
            [
              -123.00247827535874,
              49.25014264065716
            ],
            [
              -123.00237891916618,
              49.25014338200544
            ],
            [
              -123.00237905714492,
              49.25006396278823
            ],
            [
              -123.0024784449576,
              49.250064281726246
            ],
            [
              -123.00247827535874,
              49.25014264065716
            ]
          ]
        ]
      }
    },
    {
      "type": "Feature",
      "properties": {
        "room": "1635",
        "building": "SW3",
        "floor": "1",
        "type": "room",
        "source": "traced",
        "uv": [
          [
            0.592109,
            0.426793
          ],
          [
            0.657895,
            0.426527
          ],
          [
            0.657675,
            0.492086
          ],
          [
            0.592061,
            0.492034
          ]
        ],
        "name": "Computer Lab"
      },
      "geometry": {
        "type": "Polygon",
        "coordinates": [
          [
            [
              -123.00237891916618,
              49.25014338200544
            ],
            [
              -123.00218981355098,
              49.25014370581273
            ],
            [
              -123.00219044595356,
              49.25006389948756
            ],
            [
              -123.00237905714492,
              49.25006396278823
            ],
            [
              -123.00237891916618,
              49.25014338200544
            ]
          ]
        ]
      }
    },
    {
      "type": "Feature",
      "properties": {
        "room": "1655",
        "building": "SW3",
        "floor": "1",
        "type": "room",
        "source": "traced",
        "uv": [
          [
            0.657895,
            0.426527
          ],
          [
            0.702238,
            0.426638
          ],
          [
            0.701891,
            0.491702
          ],
          [
            0.658899,
            0.491541
          ]
        ],
        "name": "Physical Sciences Laboratory"
      },
      "geometry": {
        "type": "Polygon",
        "coordinates": [
          [
            [
              -123.00218981355098,
              49.25014370581273
            ],
            [
              -123.00206234706428,
              49.25014357069014
            ],
            [
              -123.0020633445356,
              49.250064366938695
            ],
            [
              -123.00218692749563,
              49.25006456292732
            ],
            [
              -123.00218981355098,
              49.25014370581273
            ]
          ]
        ]
      }
    },
    {
      "type": "Feature",
      "properties": {
        "room": "1695",
        "building": "SW3",
        "floor": "1",
        "type": "room",
        "source": "traced",
        "uv": [
          [
            0.702238,
            0.426638
          ],
          [
            0.744695,
            0.427047
          ],
          [
            0.744646,
            0.491911
          ],
          [
            0.701891,
            0.491702
          ]
        ],
        "name": "Electrical Lab"
      },
      "geometry": {
        "type": "Polygon",
        "coordinates": [
          [
            [
              -123.00206234706428,
              49.25014357069014
            ],
            [
              -123.0019403019923,
              49.25014307280599
            ],
            [
              -123.00194044284561,
              49.25006411251867
            ],
            [
              -123.0020633445356,
              49.250064366938695
            ],
            [
              -123.00206234706428,
              49.25014357069014
            ]
          ]
        ]
      }
    },
    {
      "type": "Feature",
      "properties": {
        "room": "1640",
        "building": "SW3",
        "floor": "1",
        "type": "room",
        "source": "traced",
        "uv": [
          [
            0.592952,
            0.523364
          ],
          [
            0.618029,
            0.522918
          ],
          [
            0.617998,
            0.596641
          ],
          [
            0.593053,
            0.596641
          ]
        ],
        "name": "Classroom"
      },
      "geometry": {
        "type": "Polygon",
        "coordinates": [
          [
            [
              -123.00237649591452,
              49.25002582413194
            ],
            [
              -123.00230441064544,
              49.250026367056954
            ],
            [
              -123.0023044997567,
              49.24993662252591
            ],
            [
              -123.00237620558426,
              49.24993662252591
            ],
            [
              -123.00237649591452,
              49.25002582413194
            ]
          ]
        ]
      }
    },
    {
      "type": "Feature",
      "properties": {
        "room": "1650",
        "building": "SW3",
        "floor": "1",
        "type": "room",
        "source": "traced",
        "uv": [
          [
            0.618029,
            0.522918
          ],
          [
            0.703281,
            0.523587
          ],
          [
            0.703746,
            0.542652
          ],
          [
            0.701175,
            0.542873
          ],
          [
            0.700845,
            0.577099
          ],
          [
            0.702969,
            0.576447
          ],
          [
            0.703228,
            0.582954
          ],
          [
            0.732732,
            0.583171
          ],
          [
            0.732281,
            0.596536
          ],
          [
            0.617998,
            0.596641
          ]
        ],
        "name": "Physical Sciences Laboratory"
      },
      "geometry": {
        "type": "Polygon",
        "coordinates": [
          [
            [
              -123.00230441064544,
              49.250026367056954
            ],
            [
              -123.00205934890118,
              49.250025552669435
            ],
            [
              -123.00205801223213,
              49.25000234445104
            ],
            [
              -123.0020654027185,
              49.250002075423176
            ],
            [
              -123.00206635132236,
              49.249960411406256
            ],
            [
              -123.00206024576302,
              49.249961205099325
            ],
            [
              -123.00205950125272,
              49.24995328399379
            ],
            [
              -123.00197469031923,
              49.2499530198352
            ],
            [
              -123.0019759867445,
              49.249936750344574
            ],
            [
              -123.0023044997567,
              49.24993662252591
            ],
            [
              -123.00230441064544,
              49.250026367056954
            ]
          ]
        ]
      }
    },
    {
      "type": "Feature",
      "properties": {
        "room": "1658",
        "building": "SW3",
        "floor": "1",
        "type": "service",
        "source": "traced",
        "uv": [
          [
            0.733237,
            0.576881
          ],
          [
            0.746246,
            0.575751
          ],
          [
            0.746389,
            0.59696
          ],
          [
            0.732281,
            0.596536
          ]
        ]
      },
      "geometry": {
        "type": "Polygon",
        "coordinates": [
          [
            [
              -123.00197323866787,
              49.24996067678216
            ],
            [
              -123.00193584355421,
              49.249962052354505
            ],
            [
              -123.00193543249253,
              49.24993623420062
            ],
            [
              -123.0019759867445,
              49.249936750344574
            ],
            [
              -123.00197323866787,
              49.24996067678216
            ]
          ]
        ]
      }
    },
    {
      "type": "Feature",
      "properties": {
        "room": "1656",
        "building": "SW3",
        "floor": "1",
        "type": "service",
        "source": "traced",
        "uv": [
          [
            0.717806,
            0.54352
          ],
          [
            0.734526,
            0.543298
          ],
          [
            0.734807,
            0.575795
          ],
          [
            0.733237,
            0.576881
          ],
          [
            0.732732,
            0.583171
          ],
          [
            0.717914,
            0.582521
          ]
        ]
      },
      "geometry": {
        "type": "Polygon",
        "coordinates": [
          [
            [
              -123.00201759595892,
              49.25000128781671
            ],
            [
              -123.00196953336373,
              49.250001558061896
            ],
            [
              -123.00196872561318,
              49.249961998792394
            ],
            [
              -123.00197323866787,
              49.24996067678216
            ],
            [
              -123.00197469031923,
              49.2499530198352
            ],
            [
              -123.00201728550674,
              49.24995381109363
            ],
            [
              -123.00201759595892,
              49.25000128781671
            ]
          ]
        ]
      }
    },
    {
      "type": "Feature",
      "properties": {
        "room": "1654",
        "building": "SW3",
        "floor": "1",
        "type": "service",
        "source": "traced",
        "uv": [
          [
            0.701175,
            0.542873
          ],
          [
            0.717806,
            0.54352
          ],
          [
            0.717914,
            0.582521
          ],
          [
            0.703228,
            0.582954
          ],
          [
            0.702969,
            0.576447
          ],
          [
            0.702969,
            0.576447
          ],
          [
            0.700845,
            0.577099
          ]
        ]
      },
      "geometry": {
        "type": "Polygon",
        "coordinates": [
          [
            [
              -123.0020654027185,
              49.250002075423176
            ],
            [
              -123.00201759595892,
              49.25000128781671
            ],
            [
              -123.00201728550674,
              49.24995381109363
            ],
            [
              -123.00205950125272,
              49.24995328399379
            ],
            [
              -123.00206024576302,
              49.249961205099325
            ],
            [
              -123.00206024576302,
              49.249961205099325
            ],
            [
              -123.00206635132236,
              49.249960411406256
            ],
            [
              -123.0020654027185,
              49.250002075423176
            ]
          ]
        ]
      }
    },
    {
      "type": "Feature",
      "properties": {
        "room": "1660",
        "building": "SW3",
        "floor": "1",
        "type": "service",
        "source": "traced",
        "uv": [
          [
            0.703281,
            0.523587
          ],
          [
            0.714233,
            0.52322
          ],
          [
            0.714272,
            0.5176
          ],
          [
            0.734861,
            0.517825
          ],
          [
            0.734526,
            0.543298
          ],
          [
            0.703746,
            0.542652
          ]
        ]
      },
      "geometry": {
        "type": "Polygon",
        "coordinates": [
          [
            [
              -123.00205934890118,
              49.250025552669435
            ],
            [
              -123.00202786675153,
              49.250025999426114
            ],
            [
              -123.0020277546438,
              49.25003284076823
            ],
            [
              -123.0019685703871,
              49.25003256687108
            ],
            [
              -123.00196953336373,
              49.250001558061896
            ],
            [
              -123.00205801223213,
              49.25000234445104
            ],
            [
              -123.00205934890118,
              49.250025552669435
            ]
          ]
        ]
      }
    },
    {
      "type": "Feature",
      "properties": {
        "room": "1690",
        "building": "SW3",
        "floor": "1",
        "type": "room",
        "source": "traced",
        "uv": [
          [
            0.734861,
            0.517825
          ],
          [
            0.754871,
            0.51805
          ],
          [
            0.755033,
            0.524566
          ],
          [
            0.758626,
            0.524566
          ],
          [
            0.759158,
            0.540635
          ],
          [
            0.771605,
            0.540413
          ],
          [
            0.771916,
            0.574272
          ],
          [
            0.734807,
            0.575795
          ]
        ],
        "name": "Life Sciences Lab"
      },
      "geometry": {
        "type": "Polygon",
        "coordinates": [
          [
            [
              -123.0019685703871,
              49.25003256687108
            ],
            [
              -123.00191105049898,
              49.250032292973934
            ],
            [
              -123.00191058482072,
              49.250024360912505
            ],
            [
              -123.00190025653697,
              49.250024360912505
            ],
            [
              -123.00189872727258,
              49.250004799786815
            ],
            [
              -123.00186294766,
              49.250005070032
            ],
            [
              -123.00186205367274,
              49.249963852771764
            ],
            [
              -123.00196872561318,
              49.249961998792394
            ],
            [
              -123.0019685703871,
              49.25003256687108
            ]
          ]
        ]
      }
    },
    {
      "type": "Feature",
      "properties": {
        "room": "S160",
        "building": "SW3",
        "floor": "1",
        "type": "stairs",
        "source": "traced",
        "uv": [
          [
            0.772054,
            0.517854
          ],
          [
            0.791481,
            0.518079
          ],
          [
            0.79132,
            0.574701
          ],
          [
            0.771916,
            0.574272
          ]
        ],
        "name": "East Stairs"
      },
      "geometry": {
        "type": "Polygon",
        "coordinates": [
          [
            [
              -123.00186165698385,
              49.25003253156878
            ],
            [
              -123.00180581296254,
              49.250032257671634
            ],
            [
              -123.00180627576624,
              49.2499633305412
            ],
            [
              -123.00186205367274,
              49.249963852771764
            ],
            [
              -123.00186165698385,
              49.25003253156878
            ]
          ]
        ]
      }
    },
    {
      "type": "Feature",
      "properties": {
        "room": "1696",
        "building": "SW3",
        "floor": "1",
        "type": "elevator",
        "source": "traced",
        "uv": [
          [
            0.75925,
            0.516954
          ],
          [
            0.772054,
            0.517854
          ],
          [
            0.771605,
            0.540413
          ],
          [
            0.759158,
            0.540635
          ]
        ],
        "name": "Elevator Shaft"
      },
      "geometry": {
        "type": "Polygon",
        "coordinates": [
          [
            [
              -123.00189846281332,
              49.25003362715737
            ],
            [
              -123.00186165698385,
              49.25003253156878
            ],
            [
              -123.00186294766,
              49.250005070032
            ],
            [
              -123.00189872727258,
              49.250004799786815
            ],
            [
              -123.00189846281332,
              49.25003362715737
            ]
          ]
        ]
      }
    },
    {
      "type": "Feature",
      "properties": {
        "room": "1730",
        "building": "SW3",
        "floor": "1",
        "type": "service",
        "source": "traced",
        "uv": [
          [
            0.373789,
            0.49217
          ],
          [
            0.39192,
            0.49217
          ],
          [
            0.392213,
            0.560238
          ],
          [
            0.373804,
            0.560238
          ]
        ],
        "name": "AV Room"
      },
      "geometry": {
        "type": "Polygon",
        "coordinates": [
          [
            [
              -123.00300649247828,
              49.25006379723262
            ],
            [
              -123.002954373883,
              49.25006379723262
            ],
            [
              -123.00295353163776,
              49.24998093664991
            ],
            [
              -123.00300644935992,
              49.24998093664991
            ],
            [
              -123.00300649247828,
              49.25006379723262
            ]
          ]
        ]
      }
    },
    {
      "type": "Feature",
      "properties": {
        "room": "1642",
        "building": "SW3",
        "floor": "1",
        "type": "service",
        "source": "traced",
        "uv": [
          [
            0.525783,
            0.572216
          ],
          [
            0.525189,
            0.597406
          ],
          [
            0.593053,
            0.596641
          ],
          [
            0.592725,
            0.56934
          ],
          [
            0.535794,
            0.569233
          ],
          [
            0.534766,
            0.571387
          ]
        ]
      },
      "geometry": {
        "type": "Polygon",
        "coordinates": [
          [
            [
              -123.00256957704222,
              49.24996635558304
            ],
            [
              -123.00257128452915,
              49.2499356912756
            ],
            [
              -123.00237620558426,
              49.24993662252591
            ],
            [
              -123.002377148439,
              49.24996985659726
            ],
            [
              -123.00254079985082,
              49.249969986850566
            ],
            [
              -123.00254375489554,
              49.24996736474186
            ],
            [
              -123.00256957704222,
              49.24996635558304
            ]
          ]
        ]
      }
    },
    {
      "type": "Feature",
      "properties": {
        "room": "1602",
        "building": "SW3",
        "floor": "1",
        "type": "node",
        "source": "traced",
        "uv": [
          0.498252,
          0.560895
        ],
        "nid": "nmtm5s51a0"
      },
      "geometry": {
        "type": "Point",
        "coordinates": [
          -123.00264871647451,
          49.249980136870235
        ]
      }
    },
    {
      "type": "Feature",
      "properties": {
        "room": "1710",
        "building": "SW3",
        "floor": "1",
        "type": "node",
        "source": "traced",
        "uv": [
          0.46634,
          0.560895
        ],
        "nid": "nmtm5s9ge1"
      },
      "geometry": {
        "type": "Point",
        "coordinates": [
          -123.00274044934156,
          49.249980136870235
        ]
      }
    },
    {
      "type": "Feature",
      "properties": {
        "room": null,
        "building": "SW3",
        "floor": "1",
        "type": "node",
        "source": "traced",
        "uv": [
          0.50293,
          0.589383
        ],
        "nid": "nmtm5sjeu2"
      },
      "geometry": {
        "type": "Point",
        "coordinates": [
          -123.00263526929626,
          49.24994545783926
        ]
      }
    },
    {
      "type": "Feature",
      "properties": {
        "room": "1604",
        "building": "SW3",
        "floor": "1",
        "type": "node",
        "source": "traced",
        "uv": [
          0.50915,
          0.560895
        ],
        "nid": "nmtm5sl5q3"
      },
      "geometry": {
        "type": "Point",
        "coordinates": [
          -123.00261738955093,
          49.249980136870235
        ]
      }
    },
    {
      "type": "Feature",
      "properties": {
        "room": "1604",
        "building": "SW3",
        "floor": "1",
        "type": "node",
        "source": "traced",
        "uv": [
          0.51146,
          0.527477
        ],
        "nid": "nmtm5soim4"
      },
      "geometry": {
        "type": "Point",
        "coordinates": [
          -123.00261074932396,
          49.25002081729207
        ]
      }
    },
    {
      "type": "Feature",
      "properties": {
        "room": "1602",
        "building": "SW3",
        "floor": "1",
        "type": "node",
        "source": "traced",
        "uv": [
          0.498843,
          0.526929
        ],
        "nid": "nmtm5sqsu5"
      },
      "geometry": {
        "type": "Point",
        "coordinates": [
          -123.00264701761124,
          49.25002148438379
        ]
      }
    },
    {
      "type": "Feature",
      "properties": {
        "room": "S170",
        "building": "SW3",
        "floor": "1",
        "type": "node",
        "source": "traced",
        "uv": [
          0.526887,
          0.527426
        ],
        "nid": "nmtm5t99y6"
      },
      "geometry": {
        "type": "Point",
        "coordinates": [
          -123.00256640353116,
          49.25002087937542
        ]
      }
    },
    {
      "type": "Feature",
      "properties": {
        "room": "1710",
        "building": "SW3",
        "floor": "1",
        "type": "node",
        "source": "traced",
        "uv": [
          0.465499,
          0.50437
        ],
        "nid": "nmtm5tfkm7"
      },
      "geometry": {
        "type": "Point",
        "coordinates": [
          -123.0027428668441,
          49.25004894592057
        ]
      }
    },
    {
      "type": "Feature",
      "properties": {
        "room": "1700",
        "building": "SW3",
        "floor": "1",
        "type": "node",
        "source": "traced",
        "uv": [
          0.465499,
          0.479496
        ],
        "nid": "nmtm5tgqu8"
      },
      "geometry": {
        "type": "Point",
        "coordinates": [
          -123.0027428668441,
          49.25007922555467
        ]
      }
    },
    {
      "type": "Feature",
      "properties": {
        "room": "1602",
        "building": "SW3",
        "floor": "1",
        "type": "node",
        "source": "traced",
        "uv": [
          0.498723,
          0.48041
        ],
        "nid": "nmtm5tjum9"
      },
      "geometry": {
        "type": "Point",
        "coordinates": [
          -123.0026473625581,
          49.25007811292359
        ]
      }
    },
    {
      "type": "Feature",
      "properties": {
        "room": "1710",
        "building": "SW3",
        "floor": "1",
        "type": "node",
        "source": "traced",
        "uv": [
          0.401423,
          0.555198
        ],
        "nid": "nmtm5tohia"
      },
      "geometry": {
        "type": "Point",
        "coordinates": [
          -123.00292705696661,
          49.24998707194604
        ]
      }
    },
    {
      "type": "Feature",
      "properties": {
        "room": "1736",
        "building": "SW3",
        "floor": "1",
        "type": "node",
        "source": "traced",
        "uv": [
          0.396795,
          0.56727
        ],
        "nid": "nmtm5tplyb"
      },
      "geometry": {
        "type": "Point",
        "coordinates": [
          -123.002940360417,
          49.249972376451026
        ]
      }
    },
    {
      "type": "Feature",
      "properties": {
        "room": "1736",
        "building": "SW3",
        "floor": "1",
        "type": "node",
        "source": "traced",
        "uv": [
          0.369846,
          0.566026
        ],
        "nid": "nmtm5trhqc"
      },
      "geometry": {
        "type": "Point",
        "coordinates": [
          -123.00301782685703,
          49.249973890797925
        ]
      }
    },
    {
      "type": "Feature",
      "properties": {
        "room": "1750",
        "building": "SW3",
        "floor": "1",
        "type": "node",
        "source": "traced",
        "uv": [
          0.365099,
          0.554321
        ],
        "nid": "nmtm5tsged"
      },
      "geometry": {
        "type": "Point",
        "coordinates": [
          -123.00303147237972,
          49.249988139536256
        ]
      }
    },
    {
      "type": "Feature",
      "properties": {
        "room": null,
        "building": "SW3",
        "floor": "1",
        "type": "node",
        "source": "traced",
        "uv": [
          0.382866,
          0.589842
        ],
        "nid": "nmtm5twque"
      },
      "geometry": {
        "type": "Point",
        "coordinates": [
          -123.00298040012323,
          49.24994489908908
        ]
      }
    },
    {
      "type": "Feature",
      "properties": {
        "room": "1736",
        "building": "SW3",
        "floor": "1",
        "type": "node",
        "source": "traced",
        "uv": [
          0.38058,
          0.566534
        ],
        "nid": "nmtm5u346f"
      },
      "geometry": {
        "type": "Point",
        "coordinates": [
          -123.00298697136083,
          49.24997327239903
        ]
      }
    },
    {
      "type": "Feature",
      "properties": {
        "room": "1730",
        "building": "SW3",
        "floor": "1",
        "type": "node",
        "source": "traced",
        "uv": [
          0.380975,
          0.551096
        ],
        "nid": "nmtm5u5qug"
      },
      "geometry": {
        "type": "Point",
        "coordinates": [
          -123.00298583591075,
          49.24999206539539
        ]
      }
    },
    {
      "type": "Feature",
      "properties": {
        "room": "1750",
        "building": "SW3",
        "floor": "1",
        "type": "node",
        "source": "traced",
        "uv": [
          0.301904,
          0.5643
        ],
        "nid": "nmtm5uf9qh"
      },
      "geometry": {
        "type": "Point",
        "coordinates": [
          -123.00321313001739,
          49.249975991893386
        ]
      }
    },
    {
      "type": "Feature",
      "properties": {
        "room": null,
        "building": "SW3",
        "floor": "1",
        "type": "node",
        "source": "traced",
        "uv": [
          0.301377,
          0.581769
        ],
        "nid": "nmtm5uo06i"
      },
      "geometry": {
        "type": "Point",
        "coordinates": [
          -123.003214644909,
          49.249954726518766
        ]
      }
    },
    {
      "type": "Feature",
      "properties": {
        "room": "1750",
        "building": "SW3",
        "floor": "1",
        "type": "node",
        "source": "traced",
        "uv": [
          0.296896,
          0.500515
        ],
        "nid": "nmtm5uqdaj"
      },
      "geometry": {
        "type": "Point",
        "coordinates": [
          -123.00322752579949,
          49.25005363869171
        ]
      }
    },
    {
      "type": "Feature",
      "properties": {
        "room": null,
        "building": "SW3",
        "floor": "1",
        "type": "node",
        "source": "traced",
        "uv": [
          0.297292,
          0.483045
        ],
        "nid": "nmtm5ura6k"
      },
      "geometry": {
        "type": "Point",
        "coordinates": [
          -123.00322638747487,
          49.25007490528365
        ]
      }
    },
    {
      "type": "Feature",
      "properties": {
        "room": null,
        "building": "SW3",
        "floor": "1",
        "type": "node",
        "source": "traced",
        "uv": [
          0.297555,
          0.45481
        ],
        "nid": "nmtm5uwpyl"
      },
      "geometry": {
        "type": "Point",
        "coordinates": [
          -123.00322563146634,
          49.250109276332495
        ]
      }
    },
    {
      "type": "Feature",
      "properties": {
        "room": "1700",
        "building": "SW3",
        "floor": "1",
        "type": "node",
        "source": "traced",
        "uv": [
          0.316664,
          0.481623
        ],
        "nid": "nmtm5uxyem"
      },
      "geometry": {
        "type": "Point",
        "coordinates": [
          -123.00317070155418,
          49.25007663631363
        ]
      }
    },
    {
      "type": "Feature",
      "properties": {
        "room": "S180",
        "building": "SW3",
        "floor": "1",
        "type": "node",
        "source": "traced",
        "uv": [
          0.268544,
          0.481624
        ],
        "nid": "nmtm5v7fan"
      },
      "geometry": {
        "type": "Point",
        "coordinates": [
          -123.00330902524317,
          49.250076635096306
        ]
      }
    },
    {
      "type": "Feature",
      "properties": {
        "room": "1990",
        "building": "SW3",
        "floor": "1",
        "type": "node",
        "source": "traced",
        "uv": [
          0.242349,
          0.720262
        ],
        "nid": "nmtm5vefpo"
      },
      "geometry": {
        "type": "Point",
        "coordinates": [
          -123.00338432426713,
          49.24978613612855
        ]
      }
    },
    {
      "type": "Feature",
      "properties": {
        "room": "1900",
        "building": "SW3",
        "floor": "1",
        "type": "node",
        "source": "traced",
        "uv": [
          0.242836,
          0.703974
        ],
        "nid": "nmtm5vfpqp"
      },
      "geometry": {
        "type": "Point",
        "coordinates": [
          -123.00338292435781,
          49.249805963847464
        ]
      }
    },
    {
      "type": "Feature",
      "properties": {
        "room": "1900",
        "building": "SW3",
        "floor": "1",
        "type": "node",
        "source": "traced",
        "uv": [
          0.274699,
          0.704726
        ],
        "nid": "nmtm5vqp2q"
      },
      "geometry": {
        "type": "Point",
        "coordinates": [
          -123.00329133234405,
          49.249805048422324
        ]
      }
    },
    {
      "type": "Feature",
      "properties": {
        "room": null,
        "building": "SW3",
        "floor": "1",
        "type": "node",
        "source": "traced",
        "uv": [
          0.298759,
          0.704977
        ],
        "nid": "nmtm5vrour"
      },
      "geometry": {
        "type": "Point",
        "coordinates": [
          -123.00322217049955,
          49.249804742874844
        ]
      }
    },
    {
      "type": "Feature",
      "properties": {
        "room": "1900",
        "building": "SW3",
        "floor": "1",
        "type": "node",
        "source": "traced",
        "uv": [
          0.243324,
          0.656364
        ],
        "nid": "nmtm5vxxys"
      },
      "geometry": {
        "type": "Point",
        "coordinates": [
          -123.00338152157393,
          49.2498639204841
        ]
      }
    },
    {
      "type": "Feature",
      "properties": {
        "room": "1920",
        "building": "SW3",
        "floor": "1",
        "type": "node",
        "source": "traced",
        "uv": [
          0.256654,
          0.655362
        ],
        "nid": "nmtm5vzcut"
      },
      "geometry": {
        "type": "Point",
        "coordinates": [
          -123.00334320372741,
          49.24986514023941
        ]
      }
    },
    {
      "type": "Feature",
      "properties": {
        "room": "1985",
        "building": "SW3",
        "floor": "1",
        "type": "node",
        "source": "traced",
        "uv": [
          0.230969,
          0.656364
        ],
        "nid": "nmtm5w11iu"
      },
      "geometry": {
        "type": "Point",
        "coordinates": [
          -123.00341703672724,
          49.2498639204841
        ]
      }
    },
    {
      "type": "Feature",
      "properties": {
        "room": null,
        "building": "SW3",
        "floor": "1",
        "type": "node",
        "source": "traced",
        "uv": [
          0.228368,
          0.798945
        ],
        "nid": "nmtm5w2amv"
      },
      "geometry": {
        "type": "Point",
        "coordinates": [
          -123.00342451345033,
          49.24969035368702
        ]
      }
    },
    {
      "type": "Feature",
      "properties": {
        "room": "1985",
        "building": "SW3",
        "floor": "1",
        "type": "node",
        "source": "traced",
        "uv": [
          0.229181,
          0.77965
        ],
        "nid": "nmtm5w33aw"
      },
      "geometry": {
        "type": "Point",
        "coordinates": [
          -123.00342217643538,
          49.24971384188917
        ]
      }
    },
    {
      "type": "Feature",
      "properties": {
        "room": "1990",
        "building": "SW3",
        "floor": "1",
        "type": "node",
        "source": "traced",
        "uv": [
          0.244299,
          0.778397
        ],
        "nid": "nmtm5w4p2x"
      },
      "geometry": {
        "type": "Point",
        "coordinates": [
          -123.00337871888073,
          49.24971536719195
        ]
      }
    },
    {
      "type": "Feature",
      "properties": {
        "room": "1990",
        "building": "SW3",
        "floor": "1",
        "type": "node",
        "source": "traced",
        "uv": [
          0.256167,
          0.780402
        ],
        "nid": "nmtm5w6y5y"
      },
      "geometry": {
        "type": "Point",
        "coordinates": [
          -123.00334460363673,
          49.24971292646403
        ]
      }
    },
    {
      "type": "Feature",
      "properties": {
        "room": null,
        "building": "SW3",
        "floor": "1",
        "type": "node",
        "source": "traced",
        "uv": [
          0.256492,
          0.798945
        ],
        "nid": "nmtm5w7pqz"
      },
      "geometry": {
        "type": "Point",
        "coordinates": [
          -123.00334366940567,
          49.24969035368702
        ]
      }
    },
    {
      "type": "Feature",
      "properties": {
        "room": "1985",
        "building": "SW3",
        "floor": "1",
        "type": "node",
        "source": "traced",
        "uv": [
          0.202299,
          0.654127
        ],
        "nid": "nmtm5w9dq10"
      },
      "geometry": {
        "type": "Point",
        "coordinates": [
          -123.00349945028009,
          49.24986664363042
        ]
      }
    },
    {
      "type": "Feature",
      "properties": {
        "room": "1965",
        "building": "SW3",
        "floor": "1",
        "type": "node",
        "source": "traced",
        "uv": [
          0.202136,
          0.63383
        ],
        "nid": "nmtm5w9zy11"
      },
      "geometry": {
        "type": "Point",
        "coordinates": [
          -123.0034999188329,
          49.24989135158787
        ]
      }
    },
    {
      "type": "Feature",
      "properties": {
        "room": "1985",
        "building": "SW3",
        "floor": "1",
        "type": "node",
        "source": "traced",
        "uv": [
          0.224733,
          0.656132
        ],
        "nid": "nmtm5wc0612"
      },
      "geometry": {
        "type": "Point",
        "coordinates": [
          -123.00343496246549,
          49.2498642029025
        ]
      }
    },
    {
      "type": "Feature",
      "properties": {
        "room": "1975",
        "building": "SW3",
        "floor": "1",
        "type": "node",
        "source": "traced",
        "uv": [
          0.224408,
          0.634582
        ],
        "nid": "nmtm5wd2u13"
      },
      "geometry": {
        "type": "Point",
        "coordinates": [
          -123.00343589669656,
          49.24989043616273
        ]
      }
    },
    {
      "type": "Feature",
      "properties": {
        "room": "1975",
        "building": "SW3",
        "floor": "1",
        "type": "node",
        "source": "traced",
        "uv": [
          0.233511,
          0.628317
        ],
        "nid": "nmtm5we7214"
      },
      "geometry": {
        "type": "Point",
        "coordinates": [
          -123.00340972960302,
          49.24989806267667
        ]
      }
    },
    {
      "type": "Feature",
      "properties": {
        "room": "1900",
        "building": "SW3",
        "floor": "1",
        "type": "node",
        "source": "traced",
        "uv": [
          0.24164,
          0.628067
        ],
        "nid": "nmtm5werq15"
      },
      "geometry": {
        "type": "Point",
        "coordinates": [
          -123.00338636232813,
          49.249898367006836
        ]
      }
    },
    {
      "type": "Feature",
      "properties": {
        "room": "1955",
        "building": "SW3",
        "floor": "1",
        "type": "node",
        "source": "traced",
        "uv": [
          0.232373,
          0.605514
        ],
        "nid": "nmtm5wfjq16"
      },
      "geometry": {
        "type": "Point",
        "coordinates": [
          -123.00341300084904,
          49.249925821239685
        ]
      }
    },
    {
      "type": "Feature",
      "properties": {
        "room": "1900",
        "building": "SW3",
        "floor": "1",
        "type": "node",
        "source": "traced",
        "uv": [
          0.24229,
          0.605013
        ],
        "nid": "nmtm5wg7y17"
      },
      "geometry": {
        "type": "Point",
        "coordinates": [
          -123.003384493866,
          49.24992643111734
        ]
      }
    },
    {
      "type": "Feature",
      "properties": {
        "room": "1900",
        "building": "SW3",
        "floor": "1",
        "type": "node",
        "source": "traced",
        "uv": [
          0.243265,
          0.584716
        ],
        "nid": "nmtm5whcu18"
      },
      "geometry": {
        "type": "Point",
        "coordinates": [
          -123.00338169117279,
          49.24995113907478
        ]
      }
    },
    {
      "type": "Feature",
      "properties": {
        "room": "1920",
        "building": "SW3",
        "floor": "1",
        "type": "node",
        "source": "traced",
        "uv": [
          0.256271,
          0.583965
        ],
        "nid": "nmtm5whwe19"
      },
      "geometry": {
        "type": "Point",
        "coordinates": [
          -123.0033443046828,
          49.2499520532826
        ]
      }
    },
    {
      "type": "Feature",
      "properties": {
        "room": "1900",
        "building": "SW3",
        "floor": "1",
        "type": "node",
        "source": "traced",
        "uv": [
          0.231073,
          0.592484
        ],
        "nid": "nmtm5wlha1a"
      },
      "geometry": {
        "type": "Point",
        "coordinates": [
          -123.00341673777329,
          49.24994168292789
        ]
      }
    },
    {
      "type": "Feature",
      "properties": {
        "room": "1915",
        "building": "SW3",
        "floor": "1",
        "type": "node",
        "source": "traced",
        "uv": [
          0.21823,
          0.592234
        ],
        "nid": "nmtm5wmba1b"
      },
      "geometry": {
        "type": "Point",
        "coordinates": [
          -123.00345365571049,
          49.249941987258055
        ]
      }
    },
    {
      "type": "Feature",
      "properties": {
        "room": "1945",
        "building": "SW3",
        "floor": "1",
        "type": "node",
        "source": "traced",
        "uv": [
          0.206688,
          0.592735
        ],
        "nid": "nmtm5wo5a1c"
      },
      "geometry": {
        "type": "Point",
        "coordinates": [
          -123.00348683384885,
          49.24994137738041
        ]
      }
    },
    {
      "type": "Feature",
      "properties": {
        "room": "1945",
        "building": "SW3",
        "floor": "1",
        "type": "node",
        "source": "traced",
        "uv": [
          0.207013,
          0.605264
        ],
        "nid": "nmtm5wov21d"
      },
      "geometry": {
        "type": "Point",
        "coordinates": [
          -123.00348589961779,
          49.24992612556985
        ]
      }
    },
    {
      "type": "Feature",
      "properties": {
        "room": "1955",
        "building": "SW3",
        "floor": "1",
        "type": "node",
        "source": "traced",
        "uv": [
          0.21758,
          0.604512
        ],
        "nid": "nmtm5wqh21e"
      },
      "geometry": {
        "type": "Point",
        "coordinates": [
          -123.00345552417262,
          49.24992704099499
        ]
      }
    },
    {
      "type": "Feature",
      "properties": {
        "room": "1915",
        "building": "SW3",
        "floor": "1",
        "type": "node",
        "source": "traced",
        "uv": [
          0.219588,
          0.503099
        ],
        "nid": "nmtm5wsfa1f"
      },
      "geometry": {
        "type": "Point",
        "coordinates": [
          -123.00344975206191,
          49.25005049313513
        ]
      }
    },
    {
      "type": "Feature",
      "properties": {
        "room": "1900",
        "building": "SW3",
        "floor": "1",
        "type": "node",
        "source": "traced",
        "uv": [
          0.231618,
          0.502347
        ],
        "nid": "nmtm5wt3i1g"
      },
      "geometry": {
        "type": "Point",
        "coordinates": [
          -123.00341517113966,
          49.25005140856026
        ]
      }
    },
    {
      "type": "Feature",
      "properties": {
        "room": "1900",
        "building": "SW3",
        "floor": "1",
        "type": "node",
        "source": "traced",
        "uv": [
          0.229993,
          0.468769
        ],
        "nid": "nmtm5wvni1h"
      },
      "geometry": {
        "type": "Point",
        "coordinates": [
          -123.00341984229499,
          49.250092283753396
        ]
      }
    },
    {
      "type": "Feature",
      "properties": {
        "room": null,
        "building": "SW3",
        "floor": "1",
        "type": "node",
        "source": "traced",
        "uv": [
          0.2178,
          0.468519
        ],
        "nid": "nmtm5wwa61i"
      },
      "geometry": {
        "type": "Point",
        "coordinates": [
          -123.00345489177005,
          49.25009258808356
        ]
      }
    },
    {
      "type": "Feature",
      "properties": {
        "room": "1602",
        "building": "SW3",
        "floor": "1",
        "type": "node",
        "source": "traced",
        "uv": [
          0.498939,
          0.506287
        ],
        "nid": "nmtm5x7we1j"
      },
      "geometry": {
        "type": "Point",
        "coordinates": [
          -123.00264674165376,
          49.25004661231686
        ]
      }
    },
    {
      "type": "Feature",
      "properties": {
        "room": "1602",
        "building": "SW3",
        "floor": "1",
        "type": "node",
        "source": "traced",
        "uv": [
          0.540556,
          0.505785
        ],
        "nid": "nmtm5xawm1k"
      },
      "geometry": {
        "type": "Point",
        "coordinates": [
          -123.00252711120977,
          49.25004722341183
        ]
      }
    },
    {
      "type": "Feature",
      "properties": {
        "room": null,
        "building": "SW3",
        "floor": "1",
        "type": "node",
        "source": "traced",
        "uv": [
          0.54023,
          0.528338
        ],
        "nid": "nmtm5xcva1l"
      },
      "geometry": {
        "type": "Point",
        "coordinates": [
          -123.0025280483154,
          49.25001976917898
        ]
      }
    },
    {
      "type": "Feature",
      "properties": {
        "room": "1612",
        "building": "SW3",
        "floor": "1",
        "type": "node",
        "source": "traced",
        "uv": [
          0.550309,
          0.528087
        ],
        "nid": "nmtm5xdha1m"
      },
      "geometry": {
        "type": "Point",
        "coordinates": [
          -123.00249907565411,
          49.250020074726464
        ]
      }
    },
    {
      "type": "Feature",
      "properties": {
        "room": "1610",
        "building": "SW3",
        "floor": "1",
        "type": "node",
        "source": "traced",
        "uv": [
          0.539418,
          0.544124
        ],
        "nid": "nmtm5xfkm1n"
      },
      "geometry": {
        "type": "Point",
        "coordinates": [
          -123.00253038245579,
          49.25000055255503
        ]
      }
    },
    {
      "type": "Feature",
      "properties": {
        "room": "1610",
        "building": "SW3",
        "floor": "1",
        "type": "node",
        "source": "traced",
        "uv": [
          0.55925,
          0.543874
        ],
        "nid": "nmtm5xgc61o"
      },
      "geometry": {
        "type": "Point",
        "coordinates": [
          -123.00247337423883,
          49.250000856885194
        ]
      }
    },
    {
      "type": "Feature",
      "properties": {
        "room": "1616",
        "building": "SW3",
        "floor": "1",
        "type": "node",
        "source": "traced",
        "uv": [
          0.558763,
          0.530092
        ],
        "nid": "nmtm5xgva1p"
      },
      "geometry": {
        "type": "Point",
        "coordinates": [
          -123.00247477414815,
          49.25001763399854
        ]
      }
    },
    {
      "type": "Feature",
      "properties": {
        "room": "1600",
        "building": "SW3",
        "floor": "1",
        "type": "node",
        "source": "traced",
        "uv": [
          0.553171,
          0.504783
        ],
        "nid": "nmtm5xkcm1q"
      },
      "geometry": {
        "type": "Point",
        "coordinates": [
          -123.00249084867161,
          49.25004844316713
        ]
      }
    },
    {
      "type": "Feature",
      "properties": {
        "room": "1605",
        "building": "SW3",
        "floor": "1",
        "type": "node",
        "source": "traced",
        "uv": [
          0.553333,
          0.476969
        ],
        "nid": "nmtm5xm521r"
      },
      "geometry": {
        "type": "Point",
        "coordinates": [
          -123.00249038299336,
          49.25008230172398
        ]
      }
    },
    {
      "type": "Feature",
      "properties": {
        "room": "1615",
        "building": "SW3",
        "floor": "1",
        "type": "node",
        "source": "traced",
        "uv": [
          0.552683,
          0.443892
        ],
        "nid": "nmtm5xn6e1s"
      },
      "geometry": {
        "type": "Point",
        "coordinates": [
          -123.0024922514555,
          49.25012256703947
        ]
      }
    },
    {
      "type": "Feature",
      "properties": {
        "room": "1615",
        "building": "SW3",
        "floor": "1",
        "type": "node",
        "source": "traced",
        "uv": [
          0.552683,
          0.432115
        ],
        "nid": "nmtm5xqzy1t"
      },
      "geometry": {
        "type": "Point",
        "coordinates": [
          -123.0024922514555,
          49.25013690342488
        ]
      }
    },
    {
      "type": "Feature",
      "properties": {
        "room": "1625",
        "building": "SW3",
        "floor": "1",
        "type": "node",
        "source": "traced",
        "uv": [
          0.5652,
          0.432867
        ],
        "nid": "nmtm5y39i1v"
      },
      "geometry": {
        "type": "Point",
        "coordinates": [
          -123.00245627062392,
          49.25013598799975
        ]
      }
    },
    {
      "type": "Feature",
      "properties": {
        "room": "1600",
        "building": "SW3",
        "floor": "1",
        "type": "node",
        "source": "traced",
        "uv": [
          0.564225,
          0.505034
        ],
        "nid": "nmtm5z31y1w"
      },
      "geometry": {
        "type": "Point",
        "coordinates": [
          -123.00245907331713,
          49.25004813761964
        ]
      }
    },
    {
      "type": "Feature",
      "properties": {
        "room": "1600",
        "building": "SW3",
        "floor": "1",
        "type": "node",
        "source": "traced",
        "uv": [
          0.576743,
          0.505034
        ],
        "nid": "nmtm5z6xi1x"
      },
      "geometry": {
        "type": "Point",
        "coordinates": [
          -123.002423089611,
          49.25004813761964
        ]
      }
    },
    {
      "type": "Feature",
      "properties": {
        "room": null,
        "building": "SW3",
        "floor": "1",
        "type": "node",
        "source": "traced",
        "uv": [
          0.576905,
          0.52483
        ],
        "nid": "nmtm5z8b21y"
      },
      "geometry": {
        "type": "Point",
        "coordinates": [
          -123.00242262393274,
          49.25002403953985
        ]
      }
    },
    {
      "type": "Feature",
      "properties": {
        "room": "1622",
        "building": "SW3",
        "floor": "1",
        "type": "node",
        "source": "traced",
        "uv": [
          0.569752,
          0.52483
        ],
        "nid": "nmtm5z98e1z"
      },
      "geometry": {
        "type": "Point",
        "coordinates": [
          -123.00244318563988,
          49.25002403953985
        ]
      }
    },
    {
      "type": "Feature",
      "properties": {
        "room": "1624",
        "building": "SW3",
        "floor": "1",
        "type": "node",
        "source": "traced",
        "uv": [
          0.57723,
          0.537609
        ],
        "nid": "nmtm5zaba20"
      },
      "geometry": {
        "type": "Point",
        "coordinates": [
          -123.00242168970168,
          49.250008483399135
        ]
      }
    },
    {
      "type": "Feature",
      "properties": {
        "room": "1620",
        "building": "SW3",
        "floor": "1",
        "type": "node",
        "source": "traced",
        "uv": [
          0.588285,
          0.524328
        ],
        "nid": "nmtm5zb5i21"
      },
      "geometry": {
        "type": "Point",
        "coordinates": [
          -123.00238991147263,
          49.25002465063483
        ]
      }
    },
    {
      "type": "Feature",
      "properties": {
        "room": "1625",
        "building": "SW3",
        "floor": "1",
        "type": "node",
        "source": "traced",
        "uv": [
          0.564388,
          0.485489
        ],
        "nid": "nmtm5zke622"
      },
      "geometry": {
        "type": "Point",
        "coordinates": [
          -123.00245860476431,
          49.250071930151954
        ]
      }
    },
    {
      "type": "Feature",
      "properties": {
        "room": "1625",
        "building": "SW3",
        "floor": "1",
        "type": "node",
        "source": "traced",
        "uv": [
          0.585033,
          0.485489
        ],
        "nid": "nmtm5zl7h23"
      },
      "geometry": {
        "type": "Point",
        "coordinates": [
          -123.00239925953241,
          49.250071930151954
        ]
      }
    },
    {
      "type": "Feature",
      "properties": {
        "room": "1600",
        "building": "SW3",
        "floor": "1",
        "type": "node",
        "source": "traced",
        "uv": [
          0.584546,
          0.505284
        ],
        "nid": "nmtm5zn1a24"
      },
      "geometry": {
        "type": "Point",
        "coordinates": [
          -123.00240065944173,
          49.25004783328948
        ]
      }
    },
    {
      "type": "Feature",
      "properties": {
        "room": "1600",
        "building": "SW3",
        "floor": "1",
        "type": "node",
        "source": "traced",
        "uv": [
          0.603241,
          0.505284
        ],
        "nid": "nmtm5zo9q25"
      },
      "geometry": {
        "type": "Point",
        "coordinates": [
          -123.00234691959623,
          49.25004783328948
        ]
      }
    },
    {
      "type": "Feature",
      "properties": {
        "room": "1600",
        "building": "SW3",
        "floor": "1",
        "type": "node",
        "source": "traced",
        "uv": [
          0.598201,
          0.505284
        ],
        "nid": "nmtm5zpku26"
      },
      "geometry": {
        "type": "Point",
        "coordinates": [
          -123.00236140736416,
          49.25004783328948
        ]
      }
    },
    {
      "type": "Feature",
      "properties": {
        "room": "1640",
        "building": "SW3",
        "floor": "1",
        "type": "node",
        "source": "traced",
        "uv": [
          0.599014,
          0.528338
        ],
        "nid": "nmtm5zqm627"
      },
      "geometry": {
        "type": "Point",
        "coordinates": [
          -123.00235907034921,
          49.25001976917898
        ]
      }
    },
    {
      "type": "Feature",
      "properties": {
        "room": "1635",
        "building": "SW3",
        "floor": "1",
        "type": "node",
        "source": "traced",
        "uv": [
          0.603412,
          0.48522
        ],
        "nid": "nmtm5zt0628"
      },
      "geometry": {
        "type": "Point",
        "coordinates": [
          -123.00234642804696,
          49.250072257611215
        ]
      }
    },
    {
      "type": "Feature",
      "properties": {
        "room": "1635",
        "building": "SW3",
        "floor": "1",
        "type": "node",
        "source": "traced",
        "uv": [
          0.602925,
          0.431095
        ],
        "nid": "nmtm5zuc629"
      },
      "geometry": {
        "type": "Point",
        "coordinates": [
          -123.00234782795629,
          49.25013814509196
        ]
      }
    },
    {
      "type": "Feature",
      "properties": {
        "room": "1635",
        "building": "SW3",
        "floor": "1",
        "type": "node",
        "source": "traced",
        "uv": [
          0.65462,
          0.486974
        ],
        "nid": "nmtm5zw922a"
      },
      "geometry": {
        "type": "Point",
        "coordinates": [
          -123.00219922772558,
          49.25007012243077
        ]
      }
    },
    {
      "type": "Feature",
      "properties": {
        "room": "1600",
        "building": "SW3",
        "floor": "1",
        "type": "node",
        "source": "traced",
        "uv": [
          0.654945,
          0.505767
        ],
        "nid": "nmtm5zx7z2b"
      },
      "geometry": {
        "type": "Point",
        "coordinates": [
          -123.00219829349452,
          49.2500472453236
        ]
      }
    },
    {
      "type": "Feature",
      "properties": {
        "room": "1655",
        "building": "SW3",
        "floor": "1",
        "type": "node",
        "source": "traced",
        "uv": [
          0.692264,
          0.486935
        ],
        "nid": "nmtm601fy2c"
      },
      "geometry": {
        "type": "Point",
        "coordinates": [
          -123.00209101789707,
          49.25007016990628
        ]
      }
    },
    {
      "type": "Feature",
      "properties": {
        "room": "1600",
        "building": "SW3",
        "floor": "1",
        "type": "node",
        "source": "traced",
        "uv": [
          0.692102,
          0.504225
        ],
        "nid": "nmtm602k62d"
      },
      "geometry": {
        "type": "Point",
        "coordinates": [
          -123.00209148357533,
          49.25004912243206
        ]
      }
    },
    {
      "type": "Feature",
      "properties": {
        "room": "1600",
        "building": "SW3",
        "floor": "1",
        "type": "node",
        "source": "traced",
        "uv": [
          0.707917,
          0.505992
        ],
        "nid": "nmtm607fi2e"
      },
      "geometry": {
        "type": "Point",
        "coordinates": [
          -123.00204602245435,
          49.25004697142646
        ]
      }
    },
    {
      "type": "Feature",
      "properties": {
        "room": "1660",
        "building": "SW3",
        "floor": "1",
        "type": "node",
        "source": "traced",
        "uv": [
          0.708242,
          0.529797
        ],
        "nid": "nmtm6094u2f"
      },
      "geometry": {
        "type": "Point",
        "coordinates": [
          -123.00204508822328,
          49.25001799310813
        ]
      }
    },
    {
      "type": "Feature",
      "properties": {
        "room": "1650",
        "building": "SW3",
        "floor": "1",
        "type": "node",
        "source": "traced",
        "uv": [
          0.685646,
          0.529546
        ],
        "nid": "nmtm60eu62g"
      },
      "geometry": {
        "type": "Point",
        "coordinates": [
          -123.00211004171614,
          49.25001829865562
        ]
      }
    },
    {
      "type": "Feature",
      "properties": {
        "room": "1650",
        "building": "SW3",
        "floor": "1",
        "type": "node",
        "source": "traced",
        "uv": [
          0.683858,
          0.586929
        ],
        "nid": "nmtm60fta2h"
      },
      "geometry": {
        "type": "Point",
        "coordinates": [
          -123.00211518142429,
          49.24994844514416
        ]
      }
    },
    {
      "type": "Feature",
      "properties": {
        "room": "1650",
        "building": "SW3",
        "floor": "1",
        "type": "node",
        "source": "traced",
        "uv": [
          0.725962,
          0.590437
        ],
        "nid": "nmtm60i3a2i"
      },
      "geometry": {
        "type": "Point",
        "coordinates": [
          -123.00199415107097,
          49.24994417478329
        ]
      }
    },
    {
      "type": "Feature",
      "properties": {
        "room": "1656",
        "building": "SW3",
        "floor": "1",
        "type": "node",
        "source": "traced",
        "uv": [
          0.725799,
          0.56989
        ],
        "nid": "nmtm60ipa2j"
      },
      "geometry": {
        "type": "Point",
        "coordinates": [
          -123.00199461962379,
          49.249969187070896
        ]
      }
    },
    {
      "type": "Feature",
      "properties": {
        "room": "1600",
        "building": "SW3",
        "floor": "1",
        "type": "node",
        "source": "traced",
        "uv": [
          0.750509,
          0.506994
        ],
        "nid": "nmtm60lxi2k"
      },
      "geometry": {
        "type": "Point",
        "coordinates": [
          -123.00192358931717,
          49.25004575167115
        ]
      }
    },
    {
      "type": "Feature",
      "properties": {
        "room": "1600",
        "building": "SW3",
        "floor": "1",
        "type": "node",
        "source": "traced",
        "uv": [
          0.735553,
          0.506242
        ],
        "nid": "nmtm60mri2l"
      },
      "geometry": {
        "type": "Point",
        "coordinates": [
          -123.00196658119357,
          49.25004666709629
        ]
      }
    },
    {
      "type": "Feature",
      "properties": {
        "room": "1695",
        "building": "SW3",
        "floor": "1",
        "type": "node",
        "source": "traced",
        "uv": [
          0.735553,
          0.481435
        ],
        "nid": "nmtm60nrq2m"
      },
      "geometry": {
        "type": "Point",
        "coordinates": [
          -123.00196658119357,
          49.25007686516991
        ]
      }
    },
    {
      "type": "Feature",
      "properties": {
        "room": "1690",
        "building": "SW3",
        "floor": "1",
        "type": "node",
        "source": "traced",
        "uv": [
          0.750672,
          0.52679
        ],
        "nid": "nmtm60qpi2n"
      },
      "geometry": {
        "type": "Point",
        "coordinates": [
          -123.00192312076436,
          49.25002165359136
        ]
      }
    },
    {
      "type": "Feature",
      "properties": {
        "room": "1600",
        "building": "SW3",
        "floor": "1",
        "type": "node",
        "source": "traced",
        "uv": [
          0.767091,
          0.505741
        ],
        "nid": "nmtm60t262o"
      },
      "geometry": {
        "type": "Point",
        "coordinates": [
          -123.00187592341088,
          49.25004727697394
        ]
      }
    },
    {
      "type": "Feature",
      "properties": {
        "room": "1696",
        "building": "SW3",
        "floor": "1",
        "type": "node",
        "source": "traced",
        "uv": [
          0.766928,
          0.527792
        ],
        "nid": "nmtm60tie2p"
      },
      "geometry": {
        "type": "Point",
        "coordinates": [
          -123.00187639196369,
          49.250020433836056
        ]
      }
    },
    {
      "type": "Feature",
      "properties": {
        "room": null,
        "building": "SW3",
        "floor": "1",
        "type": "node",
        "source": "traced",
        "uv": [
          0.781884,
          0.505992
        ],
        "nid": "nmtm60v9a2q"
      },
      "geometry": {
        "type": "Point",
        "coordinates": [
          -123.00183340008729,
          49.25004697142646
        ]
      }
    },
    {
      "type": "Feature",
      "properties": {
        "room": "S160",
        "building": "SW3",
        "floor": "1",
        "type": "node",
        "source": "traced",
        "uv": [
          0.781559,
          0.529797
        ],
        "nid": "nmtm60why2r"
      },
      "geometry": {
        "type": "Point",
        "coordinates": [
          -123.00183433431836,
          49.25001799310813
        ]
      }
    },
    {
      "type": "Feature",
      "properties": {
        "room": null,
        "building": "SW3",
        "floor": "1",
        "type": "node",
        "source": "traced",
        "uv": [
          0.502982,
          0.413795
        ],
        "nid": "nmtm61b9q2s"
      },
      "geometry": {
        "type": "Point",
        "coordinates": [
          -123.00263511981929,
          49.25015920473938
        ]
      }
    },
    {
      "type": "Feature",
      "properties": {
        "room": "1625",
        "building": "SW3",
        "floor": "1",
        "type": "node",
        "source": "traced",
        "uv": [
          0.585139,
          0.432259
        ],
        "nid": "nmtm61uae2t"
      },
      "geometry": {
        "type": "Point",
        "coordinates": [
          -123.00239895482936,
          49.250136728130705
        ]
      }
    },
    {
      "type": "Feature",
      "properties": {
        "room": null,
        "building": "SW3",
        "floor": "1",
        "type": "path",
        "source": "traced",
        "nodes": [
          "nmtm5s51a0",
          "nmtm5sjeu2"
        ]
      },
      "geometry": {
        "type": "LineString",
        "coordinates": [
          [
            -123.00264871647451,
            49.249980136870235
          ],
          [
            -123.00263526929626,
            49.24994545783926
          ]
        ]
      }
    },
    {
      "type": "Feature",
      "properties": {
        "room": null,
        "building": "SW3",
        "floor": "1",
        "type": "path",
        "source": "traced",
        "nodes": [
          "nmtm5sl5q3",
          "nmtm5sjeu2"
        ]
      },
      "geometry": {
        "type": "LineString",
        "coordinates": [
          [
            -123.00261738955093,
            49.249980136870235
          ],
          [
            -123.00263526929626,
            49.24994545783926
          ]
        ]
      }
    },
    {
      "type": "Feature",
      "properties": {
        "room": null,
        "building": "SW3",
        "floor": "1",
        "type": "path",
        "source": "traced",
        "nodes": [
          "nmtm5sl5q3",
          "nmtm5soim4"
        ]
      },
      "geometry": {
        "type": "LineString",
        "coordinates": [
          [
            -123.00261738955093,
            49.249980136870235
          ],
          [
            -123.00261074932396,
            49.25002081729207
          ]
        ]
      }
    },
    {
      "type": "Feature",
      "properties": {
        "room": null,
        "building": "SW3",
        "floor": "1",
        "type": "path",
        "source": "traced",
        "nodes": [
          "nmtm5sqsu5",
          "nmtm5s51a0"
        ]
      },
      "geometry": {
        "type": "LineString",
        "coordinates": [
          [
            -123.00264701761124,
            49.25002148438379
          ],
          [
            -123.00264871647451,
            49.249980136870235
          ]
        ]
      }
    },
    {
      "type": "Feature",
      "properties": {
        "room": null,
        "building": "SW3",
        "floor": "1",
        "type": "path",
        "source": "traced",
        "nodes": [
          "nmtm5sqsu5",
          "nmtm5soim4"
        ]
      },
      "geometry": {
        "type": "LineString",
        "coordinates": [
          [
            -123.00264701761124,
            49.25002148438379
          ],
          [
            -123.00261074932396,
            49.25002081729207
          ]
        ]
      }
    },
    {
      "type": "Feature",
      "properties": {
        "room": null,
        "building": "SW3",
        "floor": "1",
        "type": "path",
        "source": "traced",
        "nodes": [
          "nmtm5s51a0",
          "nmtm5s9ge1"
        ]
      },
      "geometry": {
        "type": "LineString",
        "coordinates": [
          [
            -123.00264871647451,
            49.249980136870235
          ],
          [
            -123.00274044934156,
            49.249980136870235
          ]
        ]
      }
    },
    {
      "type": "Feature",
      "properties": {
        "room": null,
        "building": "SW3",
        "floor": "1",
        "type": "path",
        "source": "traced",
        "nodes": [
          "nmtm5s9ge1",
          "nmtm5tfkm7"
        ]
      },
      "geometry": {
        "type": "LineString",
        "coordinates": [
          [
            -123.00274044934156,
            49.249980136870235
          ],
          [
            -123.0027428668441,
            49.25004894592057
          ]
        ]
      }
    },
    {
      "type": "Feature",
      "properties": {
        "room": null,
        "building": "SW3",
        "floor": "1",
        "type": "path",
        "source": "traced",
        "nodes": [
          "nmtm5tfkm7",
          "nmtm5tgqu8"
        ]
      },
      "geometry": {
        "type": "LineString",
        "coordinates": [
          [
            -123.0027428668441,
            49.25004894592057
          ],
          [
            -123.0027428668441,
            49.25007922555467
          ]
        ]
      }
    },
    {
      "type": "Feature",
      "properties": {
        "room": null,
        "building": "SW3",
        "floor": "1",
        "type": "path",
        "source": "traced",
        "nodes": [
          "nmtm5tgqu8",
          "nmtm5tjum9"
        ]
      },
      "geometry": {
        "type": "LineString",
        "coordinates": [
          [
            -123.0027428668441,
            49.25007922555467
          ],
          [
            -123.0026473625581,
            49.25007811292359
          ]
        ]
      }
    },
    {
      "type": "Feature",
      "properties": {
        "room": null,
        "building": "SW3",
        "floor": "1",
        "type": "path",
        "source": "traced",
        "nodes": [
          "nmtm5tjum9",
          "nmtm5x7we1j"
        ]
      },
      "geometry": {
        "type": "LineString",
        "coordinates": [
          [
            -123.0026473625581,
            49.25007811292359
          ],
          [
            -123.00264674165376,
            49.25004661231686
          ]
        ]
      }
    },
    {
      "type": "Feature",
      "properties": {
        "room": null,
        "building": "SW3",
        "floor": "1",
        "type": "path",
        "source": "traced",
        "nodes": [
          "nmtm5x7we1j",
          "nmtm5sqsu5"
        ]
      },
      "geometry": {
        "type": "LineString",
        "coordinates": [
          [
            -123.00264674165376,
            49.25004661231686
          ],
          [
            -123.00264701761124,
            49.25002148438379
          ]
        ]
      }
    },
    {
      "type": "Feature",
      "properties": {
        "room": null,
        "building": "SW3",
        "floor": "1",
        "type": "path",
        "source": "traced",
        "nodes": [
          "nmtm5soim4",
          "nmtm5t99y6"
        ]
      },
      "geometry": {
        "type": "LineString",
        "coordinates": [
          [
            -123.00261074932396,
            49.25002081729207
          ],
          [
            -123.00256640353116,
            49.25002087937542
          ]
        ]
      }
    },
    {
      "type": "Feature",
      "properties": {
        "room": null,
        "building": "SW3",
        "floor": "1",
        "type": "path",
        "source": "traced",
        "nodes": [
          "nmtm5x7we1j",
          "nmtm5xawm1k"
        ]
      },
      "geometry": {
        "type": "LineString",
        "coordinates": [
          [
            -123.00264674165376,
            49.25004661231686
          ],
          [
            -123.00252711120977,
            49.25004722341183
          ]
        ]
      }
    },
    {
      "type": "Feature",
      "properties": {
        "room": null,
        "building": "SW3",
        "floor": "1",
        "type": "path",
        "source": "traced",
        "nodes": [
          "nmtm5xawm1k",
          "nmtm5xcva1l"
        ]
      },
      "geometry": {
        "type": "LineString",
        "coordinates": [
          [
            -123.00252711120977,
            49.25004722341183
          ],
          [
            -123.0025280483154,
            49.25001976917898
          ]
        ]
      }
    },
    {
      "type": "Feature",
      "properties": {
        "room": null,
        "building": "SW3",
        "floor": "1",
        "type": "path",
        "source": "traced",
        "nodes": [
          "nmtm5xcva1l",
          "nmtm5xdha1m"
        ]
      },
      "geometry": {
        "type": "LineString",
        "coordinates": [
          [
            -123.0025280483154,
            49.25001976917898
          ],
          [
            -123.00249907565411,
            49.250020074726464
          ]
        ]
      }
    },
    {
      "type": "Feature",
      "properties": {
        "room": null,
        "building": "SW3",
        "floor": "1",
        "type": "path",
        "source": "traced",
        "nodes": [
          "nmtm5xcva1l",
          "nmtm5xfkm1n"
        ]
      },
      "geometry": {
        "type": "LineString",
        "coordinates": [
          [
            -123.0025280483154,
            49.25001976917898
          ],
          [
            -123.00253038245579,
            49.25000055255503
          ]
        ]
      }
    },
    {
      "type": "Feature",
      "properties": {
        "room": null,
        "building": "SW3",
        "floor": "1",
        "type": "path",
        "source": "traced",
        "nodes": [
          "nmtm5xfkm1n",
          "nmtm5xgc61o"
        ]
      },
      "geometry": {
        "type": "LineString",
        "coordinates": [
          [
            -123.00253038245579,
            49.25000055255503
          ],
          [
            -123.00247337423883,
            49.250000856885194
          ]
        ]
      }
    },
    {
      "type": "Feature",
      "properties": {
        "room": null,
        "building": "SW3",
        "floor": "1",
        "type": "path",
        "source": "traced",
        "nodes": [
          "nmtm5xgva1p",
          "nmtm5xgc61o"
        ]
      },
      "geometry": {
        "type": "LineString",
        "coordinates": [
          [
            -123.00247477414815,
            49.25001763399854
          ],
          [
            -123.00247337423883,
            49.250000856885194
          ]
        ]
      }
    },
    {
      "type": "Feature",
      "properties": {
        "room": null,
        "building": "SW3",
        "floor": "1",
        "type": "path",
        "source": "traced",
        "nodes": [
          "nmtm5z8b21y",
          "nmtm5zaba20"
        ]
      },
      "geometry": {
        "type": "LineString",
        "coordinates": [
          [
            -123.00242262393274,
            49.25002403953985
          ],
          [
            -123.00242168970168,
            49.250008483399135
          ]
        ]
      }
    },
    {
      "type": "Feature",
      "properties": {
        "room": null,
        "building": "SW3",
        "floor": "1",
        "type": "path",
        "source": "traced",
        "nodes": [
          "nmtm5z8b21y",
          "nmtm5zb5i21"
        ]
      },
      "geometry": {
        "type": "LineString",
        "coordinates": [
          [
            -123.00242262393274,
            49.25002403953985
          ],
          [
            -123.00238991147263,
            49.25002465063483
          ]
        ]
      }
    },
    {
      "type": "Feature",
      "properties": {
        "room": null,
        "building": "SW3",
        "floor": "1",
        "type": "path",
        "source": "traced",
        "nodes": [
          "nmtm5z6xi1x",
          "nmtm5z8b21y"
        ]
      },
      "geometry": {
        "type": "LineString",
        "coordinates": [
          [
            -123.002423089611,
            49.25004813761964
          ],
          [
            -123.00242262393274,
            49.25002403953985
          ]
        ]
      }
    },
    {
      "type": "Feature",
      "properties": {
        "room": null,
        "building": "SW3",
        "floor": "1",
        "type": "path",
        "source": "traced",
        "nodes": [
          "nmtm5z6xi1x",
          "nmtm5zn1a24"
        ]
      },
      "geometry": {
        "type": "LineString",
        "coordinates": [
          [
            -123.002423089611,
            49.25004813761964
          ],
          [
            -123.00240065944173,
            49.25004783328948
          ]
        ]
      }
    },
    {
      "type": "Feature",
      "properties": {
        "room": null,
        "building": "SW3",
        "floor": "1",
        "type": "path",
        "source": "traced",
        "nodes": [
          "nmtm5zn1a24",
          "nmtm5zpku26"
        ]
      },
      "geometry": {
        "type": "LineString",
        "coordinates": [
          [
            -123.00240065944173,
            49.25004783328948
          ],
          [
            -123.00236140736416,
            49.25004783328948
          ]
        ]
      }
    },
    {
      "type": "Feature",
      "properties": {
        "room": null,
        "building": "SW3",
        "floor": "1",
        "type": "path",
        "source": "traced",
        "nodes": [
          "nmtm5zpku26",
          "nmtm5zo9q25"
        ]
      },
      "geometry": {
        "type": "LineString",
        "coordinates": [
          [
            -123.00236140736416,
            49.25004783328948
          ],
          [
            -123.00234691959623,
            49.25004783328948
          ]
        ]
      }
    },
    {
      "type": "Feature",
      "properties": {
        "room": null,
        "building": "SW3",
        "floor": "1",
        "type": "path",
        "source": "traced",
        "nodes": [
          "nmtm5zpku26",
          "nmtm5zqm627"
        ]
      },
      "geometry": {
        "type": "LineString",
        "coordinates": [
          [
            -123.00236140736416,
            49.25004783328948
          ],
          [
            -123.00235907034921,
            49.25001976917898
          ]
        ]
      }
    },
    {
      "type": "Feature",
      "properties": {
        "room": null,
        "building": "SW3",
        "floor": "1",
        "type": "path",
        "source": "traced",
        "nodes": [
          "nmtm5zo9q25",
          "nmtm5zt0628"
        ]
      },
      "geometry": {
        "type": "LineString",
        "coordinates": [
          [
            -123.00234691959623,
            49.25004783328948
          ],
          [
            -123.00234642804696,
            49.250072257611215
          ]
        ]
      }
    },
    {
      "type": "Feature",
      "properties": {
        "room": null,
        "building": "SW3",
        "floor": "1",
        "type": "path",
        "source": "traced",
        "nodes": [
          "nmtm5zn1a24",
          "nmtm5zl7h23"
        ]
      },
      "geometry": {
        "type": "LineString",
        "coordinates": [
          [
            -123.00240065944173,
            49.25004783328948
          ],
          [
            -123.00239925953241,
            49.250071930151954
          ]
        ]
      }
    },
    {
      "type": "Feature",
      "properties": {
        "room": null,
        "building": "SW3",
        "floor": "1",
        "type": "path",
        "source": "traced",
        "nodes": [
          "nmtm5zl7h23",
          "nmtm61uae2t"
        ]
      },
      "geometry": {
        "type": "LineString",
        "coordinates": [
          [
            -123.00239925953241,
            49.250071930151954
          ],
          [
            -123.00239895482936,
            49.250136728130705
          ]
        ]
      }
    },
    {
      "type": "Feature",
      "properties": {
        "room": null,
        "building": "SW3",
        "floor": "1",
        "type": "path",
        "source": "traced",
        "nodes": [
          "nmtm61uae2t",
          "nmtm5y39i1v"
        ]
      },
      "geometry": {
        "type": "LineString",
        "coordinates": [
          [
            -123.00239895482936,
            49.250136728130705
          ],
          [
            -123.00245627062392,
            49.25013598799975
          ]
        ]
      }
    },
    {
      "type": "Feature",
      "properties": {
        "room": null,
        "building": "SW3",
        "floor": "1",
        "type": "path",
        "source": "traced",
        "nodes": [
          "nmtm5zl7h23",
          "nmtm5y39i1v"
        ]
      },
      "geometry": {
        "type": "LineString",
        "coordinates": [
          [
            -123.00239925953241,
            49.250071930151954
          ],
          [
            -123.00245627062392,
            49.25013598799975
          ]
        ]
      }
    },
    {
      "type": "Feature",
      "properties": {
        "room": null,
        "building": "SW3",
        "floor": "1",
        "type": "path",
        "source": "traced",
        "nodes": [
          "nmtm5zl7h23",
          "nmtm5zke622"
        ]
      },
      "geometry": {
        "type": "LineString",
        "coordinates": [
          [
            -123.00239925953241,
            49.250071930151954
          ],
          [
            -123.00245860476431,
            49.250071930151954
          ]
        ]
      }
    },
    {
      "type": "Feature",
      "properties": {
        "room": null,
        "building": "SW3",
        "floor": "1",
        "type": "path",
        "source": "traced",
        "nodes": [
          "nmtm5zke622",
          "nmtm5z31y1w"
        ]
      },
      "geometry": {
        "type": "LineString",
        "coordinates": [
          [
            -123.00245860476431,
            49.250071930151954
          ],
          [
            -123.00245907331713,
            49.25004813761964
          ]
        ]
      }
    },
    {
      "type": "Feature",
      "properties": {
        "room": null,
        "building": "SW3",
        "floor": "1",
        "type": "path",
        "source": "traced",
        "nodes": [
          "nmtm5z31y1w",
          "nmtm5z6xi1x"
        ]
      },
      "geometry": {
        "type": "LineString",
        "coordinates": [
          [
            -123.00245907331713,
            49.25004813761964
          ],
          [
            -123.002423089611,
            49.25004813761964
          ]
        ]
      }
    },
    {
      "type": "Feature",
      "properties": {
        "room": null,
        "building": "SW3",
        "floor": "1",
        "type": "path",
        "source": "traced",
        "nodes": [
          "nmtm5z31y1w",
          "nmtm5xkcm1q"
        ]
      },
      "geometry": {
        "type": "LineString",
        "coordinates": [
          [
            -123.00245907331713,
            49.25004813761964
          ],
          [
            -123.00249084867161,
            49.25004844316713
          ]
        ]
      }
    },
    {
      "type": "Feature",
      "properties": {
        "room": null,
        "building": "SW3",
        "floor": "1",
        "type": "path",
        "source": "traced",
        "nodes": [
          "nmtm5xkcm1q",
          "nmtm5xawm1k"
        ]
      },
      "geometry": {
        "type": "LineString",
        "coordinates": [
          [
            -123.00249084867161,
            49.25004844316713
          ],
          [
            -123.00252711120977,
            49.25004722341183
          ]
        ]
      }
    },
    {
      "type": "Feature",
      "properties": {
        "room": null,
        "building": "SW3",
        "floor": "1",
        "type": "path",
        "source": "traced",
        "nodes": [
          "nmtm5xkcm1q",
          "nmtm5xm521r"
        ]
      },
      "geometry": {
        "type": "LineString",
        "coordinates": [
          [
            -123.00249084867161,
            49.25004844316713
          ],
          [
            -123.00249038299336,
            49.25008230172398
          ]
        ]
      }
    },
    {
      "type": "Feature",
      "properties": {
        "room": null,
        "building": "SW3",
        "floor": "1",
        "type": "path",
        "source": "traced",
        "nodes": [
          "nmtm5xm521r",
          "nmtm5xn6e1s"
        ]
      },
      "geometry": {
        "type": "LineString",
        "coordinates": [
          [
            -123.00249038299336,
            49.25008230172398
          ],
          [
            -123.0024922514555,
            49.25012256703947
          ]
        ]
      }
    },
    {
      "type": "Feature",
      "properties": {
        "room": null,
        "building": "SW3",
        "floor": "1",
        "type": "path",
        "source": "traced",
        "nodes": [
          "nmtm5xn6e1s",
          "nmtm5xqzy1t"
        ]
      },
      "geometry": {
        "type": "LineString",
        "coordinates": [
          [
            -123.0024922514555,
            49.25012256703947
          ],
          [
            -123.0024922514555,
            49.25013690342488
          ]
        ]
      }
    },
    {
      "type": "Feature",
      "properties": {
        "room": null,
        "building": "SW3",
        "floor": "1",
        "type": "path",
        "source": "traced",
        "nodes": [
          "nmtm5y39i1v",
          "nmtm5xqzy1t"
        ]
      },
      "geometry": {
        "type": "LineString",
        "coordinates": [
          [
            -123.00245627062392,
            49.25013598799975
          ],
          [
            -123.0024922514555,
            49.25013690342488
          ]
        ]
      }
    },
    {
      "type": "Feature",
      "properties": {
        "room": null,
        "building": "SW3",
        "floor": "1",
        "type": "path",
        "source": "traced",
        "nodes": [
          "nmtm61uae2t",
          "nmtm5zuc629"
        ]
      },
      "geometry": {
        "type": "LineString",
        "coordinates": [
          [
            -123.00239895482936,
            49.250136728130705
          ],
          [
            -123.00234782795629,
            49.25013814509196
          ]
        ]
      }
    },
    {
      "type": "Feature",
      "properties": {
        "room": null,
        "building": "SW3",
        "floor": "1",
        "type": "path",
        "source": "traced",
        "nodes": [
          "nmtm5zuc629",
          "nmtm5zt0628"
        ]
      },
      "geometry": {
        "type": "LineString",
        "coordinates": [
          [
            -123.00234782795629,
            49.25013814509196
          ],
          [
            -123.00234642804696,
            49.250072257611215
          ]
        ]
      }
    },
    {
      "type": "Feature",
      "properties": {
        "room": null,
        "building": "SW3",
        "floor": "1",
        "type": "path",
        "source": "traced",
        "nodes": [
          "nmtm5zo9q25",
          "nmtm5zx7z2b"
        ]
      },
      "geometry": {
        "type": "LineString",
        "coordinates": [
          [
            -123.00234691959623,
            49.25004783328948
          ],
          [
            -123.00219829349452,
            49.2500472453236
          ]
        ]
      }
    },
    {
      "type": "Feature",
      "properties": {
        "room": null,
        "building": "SW3",
        "floor": "1",
        "type": "path",
        "source": "traced",
        "nodes": [
          "nmtm5zx7z2b",
          "nmtm5zw922a"
        ]
      },
      "geometry": {
        "type": "LineString",
        "coordinates": [
          [
            -123.00219829349452,
            49.2500472453236
          ],
          [
            -123.00219922772558,
            49.25007012243077
          ]
        ]
      }
    },
    {
      "type": "Feature",
      "properties": {
        "room": null,
        "building": "SW3",
        "floor": "1",
        "type": "path",
        "source": "traced",
        "nodes": [
          "nmtm5zw922a",
          "nmtm5zt0628"
        ]
      },
      "geometry": {
        "type": "LineString",
        "coordinates": [
          [
            -123.00219922772558,
            49.25007012243077
          ],
          [
            -123.00234642804696,
            49.250072257611215
          ]
        ]
      }
    },
    {
      "type": "Feature",
      "properties": {
        "room": null,
        "building": "SW3",
        "floor": "1",
        "type": "path",
        "source": "traced",
        "nodes": [
          "nmtm5zuc629",
          "nmtm5zw922a"
        ]
      },
      "geometry": {
        "type": "LineString",
        "coordinates": [
          [
            -123.00234782795629,
            49.25013814509196
          ],
          [
            -123.00219922772558,
            49.25007012243077
          ]
        ]
      }
    },
    {
      "type": "Feature",
      "properties": {
        "room": null,
        "building": "SW3",
        "floor": "1",
        "type": "path",
        "source": "traced",
        "nodes": [
          "nmtm5s9ge1",
          "nmtm5tohia"
        ]
      },
      "geometry": {
        "type": "LineString",
        "coordinates": [
          [
            -123.00274044934156,
            49.249980136870235
          ],
          [
            -123.00292705696661,
            49.24998707194604
          ]
        ]
      }
    },
    {
      "type": "Feature",
      "properties": {
        "room": null,
        "building": "SW3",
        "floor": "1",
        "type": "path",
        "source": "traced",
        "nodes": [
          "nmtm5tohia",
          "nmtm5tplyb"
        ]
      },
      "geometry": {
        "type": "LineString",
        "coordinates": [
          [
            -123.00292705696661,
            49.24998707194604
          ],
          [
            -123.002940360417,
            49.249972376451026
          ]
        ]
      }
    },
    {
      "type": "Feature",
      "properties": {
        "room": null,
        "building": "SW3",
        "floor": "1",
        "type": "path",
        "source": "traced",
        "nodes": [
          "nmtm5tplyb",
          "nmtm5u346f"
        ]
      },
      "geometry": {
        "type": "LineString",
        "coordinates": [
          [
            -123.002940360417,
            49.249972376451026
          ],
          [
            -123.00298697136083,
            49.24997327239903
          ]
        ]
      }
    },
    {
      "type": "Feature",
      "properties": {
        "room": null,
        "building": "SW3",
        "floor": "1",
        "type": "path",
        "source": "traced",
        "nodes": [
          "nmtm5u346f",
          "nmtm5u5qug"
        ]
      },
      "geometry": {
        "type": "LineString",
        "coordinates": [
          [
            -123.00298697136083,
            49.24997327239903
          ],
          [
            -123.00298583591075,
            49.24999206539539
          ]
        ]
      }
    },
    {
      "type": "Feature",
      "properties": {
        "room": null,
        "building": "SW3",
        "floor": "1",
        "type": "path",
        "source": "traced",
        "nodes": [
          "nmtm5u346f",
          "nmtm5trhqc"
        ]
      },
      "geometry": {
        "type": "LineString",
        "coordinates": [
          [
            -123.00298697136083,
            49.24997327239903
          ],
          [
            -123.00301782685703,
            49.249973890797925
          ]
        ]
      }
    },
    {
      "type": "Feature",
      "properties": {
        "room": null,
        "building": "SW3",
        "floor": "1",
        "type": "path",
        "source": "traced",
        "nodes": [
          "nmtm5trhqc",
          "nmtm5tsged"
        ]
      },
      "geometry": {
        "type": "LineString",
        "coordinates": [
          [
            -123.00301782685703,
            49.249973890797925
          ],
          [
            -123.00303147237972,
            49.249988139536256
          ]
        ]
      }
    },
    {
      "type": "Feature",
      "properties": {
        "room": null,
        "building": "SW3",
        "floor": "1",
        "type": "path",
        "source": "traced",
        "nodes": [
          "nmtm5u346f",
          "nmtm5twque"
        ]
      },
      "geometry": {
        "type": "LineString",
        "coordinates": [
          [
            -123.00298697136083,
            49.24997327239903
          ],
          [
            -123.00298040012323,
            49.24994489908908
          ]
        ]
      }
    },
    {
      "type": "Feature",
      "properties": {
        "room": null,
        "building": "SW3",
        "floor": "1",
        "type": "path",
        "source": "traced",
        "nodes": [
          "nmtm5uf9qh",
          "nmtm5tsged"
        ]
      },
      "geometry": {
        "type": "LineString",
        "coordinates": [
          [
            -123.00321313001739,
            49.249975991893386
          ],
          [
            -123.00303147237972,
            49.249988139536256
          ]
        ]
      }
    },
    {
      "type": "Feature",
      "properties": {
        "room": null,
        "building": "SW3",
        "floor": "1",
        "type": "path",
        "source": "traced",
        "nodes": [
          "nmtm5uf9qh",
          "nmtm5uo06i"
        ]
      },
      "geometry": {
        "type": "LineString",
        "coordinates": [
          [
            -123.00321313001739,
            49.249975991893386
          ],
          [
            -123.003214644909,
            49.249954726518766
          ]
        ]
      }
    },
    {
      "type": "Feature",
      "properties": {
        "room": null,
        "building": "SW3",
        "floor": "1",
        "type": "path",
        "source": "traced",
        "nodes": [
          "nmtm5uf9qh",
          "nmtm5uqdaj"
        ]
      },
      "geometry": {
        "type": "LineString",
        "coordinates": [
          [
            -123.00321313001739,
            49.249975991893386
          ],
          [
            -123.00322752579949,
            49.25005363869171
          ]
        ]
      }
    },
    {
      "type": "Feature",
      "properties": {
        "room": null,
        "building": "SW3",
        "floor": "1",
        "type": "path",
        "source": "traced",
        "nodes": [
          "nmtm5uqdaj",
          "nmtm5ura6k"
        ]
      },
      "geometry": {
        "type": "LineString",
        "coordinates": [
          [
            -123.00322752579949,
            49.25005363869171
          ],
          [
            -123.00322638747487,
            49.25007490528365
          ]
        ]
      }
    },
    {
      "type": "Feature",
      "properties": {
        "room": null,
        "building": "SW3",
        "floor": "1",
        "type": "path",
        "source": "traced",
        "nodes": [
          "nmtm5ura6k",
          "nmtm5uxyem"
        ]
      },
      "geometry": {
        "type": "LineString",
        "coordinates": [
          [
            -123.00322638747487,
            49.25007490528365
          ],
          [
            -123.00317070155418,
            49.25007663631363
          ]
        ]
      }
    },
    {
      "type": "Feature",
      "properties": {
        "room": null,
        "building": "SW3",
        "floor": "1",
        "type": "path",
        "source": "traced",
        "nodes": [
          "nmtm5ura6k",
          "nmtm5uwpyl"
        ]
      },
      "geometry": {
        "type": "LineString",
        "coordinates": [
          [
            -123.00322638747487,
            49.25007490528365
          ],
          [
            -123.00322563146634,
            49.250109276332495
          ]
        ]
      }
    },
    {
      "type": "Feature",
      "properties": {
        "room": null,
        "building": "SW3",
        "floor": "1",
        "type": "path",
        "source": "traced",
        "nodes": [
          "nmtm5ura6k",
          "nmtm5v7fan"
        ]
      },
      "geometry": {
        "type": "LineString",
        "coordinates": [
          [
            -123.00322638747487,
            49.25007490528365
          ],
          [
            -123.00330902524317,
            49.250076635096306
          ]
        ]
      }
    },
    {
      "type": "Feature",
      "properties": {
        "room": null,
        "building": "SW3",
        "floor": "1",
        "type": "path",
        "source": "traced",
        "nodes": [
          "nmtm5wwa61i",
          "nmtm5wvni1h"
        ]
      },
      "geometry": {
        "type": "LineString",
        "coordinates": [
          [
            -123.00345489177005,
            49.25009258808356
          ],
          [
            -123.00341984229499,
            49.250092283753396
          ]
        ]
      }
    },
    {
      "type": "Feature",
      "properties": {
        "room": null,
        "building": "SW3",
        "floor": "1",
        "type": "path",
        "source": "traced",
        "nodes": [
          "nmtm5wvni1h",
          "nmtm5wt3i1g"
        ]
      },
      "geometry": {
        "type": "LineString",
        "coordinates": [
          [
            -123.00341984229499,
            49.250092283753396
          ],
          [
            -123.00341517113966,
            49.25005140856026
          ]
        ]
      }
    },
    {
      "type": "Feature",
      "properties": {
        "room": null,
        "building": "SW3",
        "floor": "1",
        "type": "path",
        "source": "traced",
        "nodes": [
          "nmtm5wt3i1g",
          "nmtm5wsfa1f"
        ]
      },
      "geometry": {
        "type": "LineString",
        "coordinates": [
          [
            -123.00341517113966,
            49.25005140856026
          ],
          [
            -123.00344975206191,
            49.25005049313513
          ]
        ]
      }
    },
    {
      "type": "Feature",
      "properties": {
        "room": null,
        "building": "SW3",
        "floor": "1",
        "type": "path",
        "source": "traced",
        "nodes": [
          "nmtm5wlha1a",
          "nmtm5wt3i1g"
        ]
      },
      "geometry": {
        "type": "LineString",
        "coordinates": [
          [
            -123.00341673777329,
            49.24994168292789
          ],
          [
            -123.00341517113966,
            49.25005140856026
          ]
        ]
      }
    },
    {
      "type": "Feature",
      "properties": {
        "room": null,
        "building": "SW3",
        "floor": "1",
        "type": "path",
        "source": "traced",
        "nodes": [
          "nmtm5whcu18",
          "nmtm5wlha1a"
        ]
      },
      "geometry": {
        "type": "LineString",
        "coordinates": [
          [
            -123.00338169117279,
            49.24995113907478
          ],
          [
            -123.00341673777329,
            49.24994168292789
          ]
        ]
      }
    },
    {
      "type": "Feature",
      "properties": {
        "room": null,
        "building": "SW3",
        "floor": "1",
        "type": "path",
        "source": "traced",
        "nodes": [
          "nmtm5whcu18",
          "nmtm5whwe19"
        ]
      },
      "geometry": {
        "type": "LineString",
        "coordinates": [
          [
            -123.00338169117279,
            49.24995113907478
          ],
          [
            -123.0033443046828,
            49.2499520532826
          ]
        ]
      }
    },
    {
      "type": "Feature",
      "properties": {
        "room": null,
        "building": "SW3",
        "floor": "1",
        "type": "path",
        "source": "traced",
        "nodes": [
          "nmtm5whcu18",
          "nmtm5wg7y17"
        ]
      },
      "geometry": {
        "type": "LineString",
        "coordinates": [
          [
            -123.00338169117279,
            49.24995113907478
          ],
          [
            -123.003384493866,
            49.24992643111734
          ]
        ]
      }
    },
    {
      "type": "Feature",
      "properties": {
        "room": null,
        "building": "SW3",
        "floor": "1",
        "type": "path",
        "source": "traced",
        "nodes": [
          "nmtm5whwe19",
          "nmtm5vzcut"
        ]
      },
      "geometry": {
        "type": "LineString",
        "coordinates": [
          [
            -123.0033443046828,
            49.2499520532826
          ],
          [
            -123.00334320372741,
            49.24986514023941
          ]
        ]
      }
    },
    {
      "type": "Feature",
      "properties": {
        "room": null,
        "building": "SW3",
        "floor": "1",
        "type": "path",
        "source": "traced",
        "nodes": [
          "nmtm5wg7y17",
          "nmtm5werq15"
        ]
      },
      "geometry": {
        "type": "LineString",
        "coordinates": [
          [
            -123.003384493866,
            49.24992643111734
          ],
          [
            -123.00338636232813,
            49.249898367006836
          ]
        ]
      }
    },
    {
      "type": "Feature",
      "properties": {
        "room": null,
        "building": "SW3",
        "floor": "1",
        "type": "path",
        "source": "traced",
        "nodes": [
          "nmtm5werq15",
          "nmtm5we7214"
        ]
      },
      "geometry": {
        "type": "LineString",
        "coordinates": [
          [
            -123.00338636232813,
            49.249898367006836
          ],
          [
            -123.00340972960302,
            49.24989806267667
          ]
        ]
      }
    },
    {
      "type": "Feature",
      "properties": {
        "room": null,
        "building": "SW3",
        "floor": "1",
        "type": "path",
        "source": "traced",
        "nodes": [
          "nmtm5wg7y17",
          "nmtm5wfjq16"
        ]
      },
      "geometry": {
        "type": "LineString",
        "coordinates": [
          [
            -123.003384493866,
            49.24992643111734
          ],
          [
            -123.00341300084904,
            49.249925821239685
          ]
        ]
      }
    },
    {
      "type": "Feature",
      "properties": {
        "room": null,
        "building": "SW3",
        "floor": "1",
        "type": "path",
        "source": "traced",
        "nodes": [
          "nmtm5wfjq16",
          "nmtm5wqh21e"
        ]
      },
      "geometry": {
        "type": "LineString",
        "coordinates": [
          [
            -123.00341300084904,
            49.249925821239685
          ],
          [
            -123.00345552417262,
            49.24992704099499
          ]
        ]
      }
    },
    {
      "type": "Feature",
      "properties": {
        "room": null,
        "building": "SW3",
        "floor": "1",
        "type": "path",
        "source": "traced",
        "nodes": [
          "nmtm5wqh21e",
          "nmtm5wov21d"
        ]
      },
      "geometry": {
        "type": "LineString",
        "coordinates": [
          [
            -123.00345552417262,
            49.24992704099499
          ],
          [
            -123.00348589961779,
            49.24992612556985
          ]
        ]
      }
    },
    {
      "type": "Feature",
      "properties": {
        "room": null,
        "building": "SW3",
        "floor": "1",
        "type": "path",
        "source": "traced",
        "nodes": [
          "nmtm5wov21d",
          "nmtm5wo5a1c"
        ]
      },
      "geometry": {
        "type": "LineString",
        "coordinates": [
          [
            -123.00348589961779,
            49.24992612556985
          ],
          [
            -123.00348683384885,
            49.24994137738041
          ]
        ]
      }
    },
    {
      "type": "Feature",
      "properties": {
        "room": null,
        "building": "SW3",
        "floor": "1",
        "type": "path",
        "source": "traced",
        "nodes": [
          "nmtm5wo5a1c",
          "nmtm5wmba1b"
        ]
      },
      "geometry": {
        "type": "LineString",
        "coordinates": [
          [
            -123.00348683384885,
            49.24994137738041
          ],
          [
            -123.00345365571049,
            49.249941987258055
          ]
        ]
      }
    },
    {
      "type": "Feature",
      "properties": {
        "room": null,
        "building": "SW3",
        "floor": "1",
        "type": "path",
        "source": "traced",
        "nodes": [
          "nmtm5wmba1b",
          "nmtm5wlha1a"
        ]
      },
      "geometry": {
        "type": "LineString",
        "coordinates": [
          [
            -123.00345365571049,
            49.249941987258055
          ],
          [
            -123.00341673777329,
            49.24994168292789
          ]
        ]
      }
    },
    {
      "type": "Feature",
      "properties": {
        "room": null,
        "building": "SW3",
        "floor": "1",
        "type": "path",
        "source": "traced",
        "nodes": [
          "nmtm5wd2u13",
          "nmtm5we7214"
        ]
      },
      "geometry": {
        "type": "LineString",
        "coordinates": [
          [
            -123.00343589669656,
            49.24989043616273
          ],
          [
            -123.00340972960302,
            49.24989806267667
          ]
        ]
      }
    },
    {
      "type": "Feature",
      "properties": {
        "room": null,
        "building": "SW3",
        "floor": "1",
        "type": "path",
        "source": "traced",
        "nodes": [
          "nmtm5wd2u13",
          "nmtm5wc0612"
        ]
      },
      "geometry": {
        "type": "LineString",
        "coordinates": [
          [
            -123.00343589669656,
            49.24989043616273
          ],
          [
            -123.00343496246549,
            49.2498642029025
          ]
        ]
      }
    },
    {
      "type": "Feature",
      "properties": {
        "room": null,
        "building": "SW3",
        "floor": "1",
        "type": "path",
        "source": "traced",
        "nodes": [
          "nmtm5wc0612",
          "nmtm5w11iu"
        ]
      },
      "geometry": {
        "type": "LineString",
        "coordinates": [
          [
            -123.00343496246549,
            49.2498642029025
          ],
          [
            -123.00341703672724,
            49.2498639204841
          ]
        ]
      }
    },
    {
      "type": "Feature",
      "properties": {
        "room": null,
        "building": "SW3",
        "floor": "1",
        "type": "path",
        "source": "traced",
        "nodes": [
          "nmtm5w11iu",
          "nmtm5vxxys"
        ]
      },
      "geometry": {
        "type": "LineString",
        "coordinates": [
          [
            -123.00341703672724,
            49.2498639204841
          ],
          [
            -123.00338152157393,
            49.2498639204841
          ]
        ]
      }
    },
    {
      "type": "Feature",
      "properties": {
        "room": null,
        "building": "SW3",
        "floor": "1",
        "type": "path",
        "source": "traced",
        "nodes": [
          "nmtm5vxxys",
          "nmtm5vzcut"
        ]
      },
      "geometry": {
        "type": "LineString",
        "coordinates": [
          [
            -123.00338152157393,
            49.2498639204841
          ],
          [
            -123.00334320372741,
            49.24986514023941
          ]
        ]
      }
    },
    {
      "type": "Feature",
      "properties": {
        "room": null,
        "building": "SW3",
        "floor": "1",
        "type": "path",
        "source": "traced",
        "nodes": [
          "nmtm5vxxys",
          "nmtm5werq15"
        ]
      },
      "geometry": {
        "type": "LineString",
        "coordinates": [
          [
            -123.00338152157393,
            49.2498639204841
          ],
          [
            -123.00338636232813,
            49.249898367006836
          ]
        ]
      }
    },
    {
      "type": "Feature",
      "properties": {
        "room": null,
        "building": "SW3",
        "floor": "1",
        "type": "path",
        "source": "traced",
        "nodes": [
          "nmtm5wc0612",
          "nmtm5w9dq10"
        ]
      },
      "geometry": {
        "type": "LineString",
        "coordinates": [
          [
            -123.00343496246549,
            49.2498642029025
          ],
          [
            -123.00349945028009,
            49.24986664363042
          ]
        ]
      }
    },
    {
      "type": "Feature",
      "properties": {
        "room": null,
        "building": "SW3",
        "floor": "1",
        "type": "path",
        "source": "traced",
        "nodes": [
          "nmtm5w9dq10",
          "nmtm5w9zy11"
        ]
      },
      "geometry": {
        "type": "LineString",
        "coordinates": [
          [
            -123.00349945028009,
            49.24986664363042
          ],
          [
            -123.0034999188329,
            49.24989135158787
          ]
        ]
      }
    },
    {
      "type": "Feature",
      "properties": {
        "room": null,
        "building": "SW3",
        "floor": "1",
        "type": "path",
        "source": "traced",
        "nodes": [
          "nmtm5w11iu",
          "nmtm5w33aw"
        ]
      },
      "geometry": {
        "type": "LineString",
        "coordinates": [
          [
            -123.00341703672724,
            49.2498639204841
          ],
          [
            -123.00342217643538,
            49.24971384188917
          ]
        ]
      }
    },
    {
      "type": "Feature",
      "properties": {
        "room": null,
        "building": "SW3",
        "floor": "1",
        "type": "path",
        "source": "traced",
        "nodes": [
          "nmtm5w33aw",
          "nmtm5wc0612"
        ]
      },
      "geometry": {
        "type": "LineString",
        "coordinates": [
          [
            -123.00342217643538,
            49.24971384188917
          ],
          [
            -123.00343496246549,
            49.2498642029025
          ]
        ]
      }
    },
    {
      "type": "Feature",
      "properties": {
        "room": null,
        "building": "SW3",
        "floor": "1",
        "type": "path",
        "source": "traced",
        "nodes": [
          "nmtm5w9dq10",
          "nmtm5w33aw"
        ]
      },
      "geometry": {
        "type": "LineString",
        "coordinates": [
          [
            -123.00349945028009,
            49.24986664363042
          ],
          [
            -123.00342217643538,
            49.24971384188917
          ]
        ]
      }
    },
    {
      "type": "Feature",
      "properties": {
        "room": null,
        "building": "SW3",
        "floor": "1",
        "type": "path",
        "source": "traced",
        "nodes": [
          "nmtm5vefpo",
          "nmtm5vfpqp"
        ]
      },
      "geometry": {
        "type": "LineString",
        "coordinates": [
          [
            -123.00338432426713,
            49.24978613612855
          ],
          [
            -123.00338292435781,
            49.249805963847464
          ]
        ]
      }
    },
    {
      "type": "Feature",
      "properties": {
        "room": null,
        "building": "SW3",
        "floor": "1",
        "type": "path",
        "source": "traced",
        "nodes": [
          "nmtm5vefpo",
          "nmtm5w4p2x"
        ]
      },
      "geometry": {
        "type": "LineString",
        "coordinates": [
          [
            -123.00338432426713,
            49.24978613612855
          ],
          [
            -123.00337871888073,
            49.24971536719195
          ]
        ]
      }
    },
    {
      "type": "Feature",
      "properties": {
        "room": null,
        "building": "SW3",
        "floor": "1",
        "type": "path",
        "source": "traced",
        "nodes": [
          "nmtm5vfpqp",
          "nmtm5vxxys"
        ]
      },
      "geometry": {
        "type": "LineString",
        "coordinates": [
          [
            -123.00338292435781,
            49.249805963847464
          ],
          [
            -123.00338152157393,
            49.2498639204841
          ]
        ]
      }
    },
    {
      "type": "Feature",
      "properties": {
        "room": null,
        "building": "SW3",
        "floor": "1",
        "type": "path",
        "source": "traced",
        "nodes": [
          "nmtm5vfpqp",
          "nmtm5vqp2q"
        ]
      },
      "geometry": {
        "type": "LineString",
        "coordinates": [
          [
            -123.00338292435781,
            49.249805963847464
          ],
          [
            -123.00329133234405,
            49.249805048422324
          ]
        ]
      }
    },
    {
      "type": "Feature",
      "properties": {
        "room": null,
        "building": "SW3",
        "floor": "1",
        "type": "path",
        "source": "traced",
        "nodes": [
          "nmtm5vqp2q",
          "nmtm5vrour"
        ]
      },
      "geometry": {
        "type": "LineString",
        "coordinates": [
          [
            -123.00329133234405,
            49.249805048422324
          ],
          [
            -123.00322217049955,
            49.249804742874844
          ]
        ]
      }
    },
    {
      "type": "Feature",
      "properties": {
        "room": null,
        "building": "SW3",
        "floor": "1",
        "type": "path",
        "source": "traced",
        "nodes": [
          "nmtm5w4p2x",
          "nmtm5w6y5y"
        ]
      },
      "geometry": {
        "type": "LineString",
        "coordinates": [
          [
            -123.00337871888073,
            49.24971536719195
          ],
          [
            -123.00334460363673,
            49.24971292646403
          ]
        ]
      }
    },
    {
      "type": "Feature",
      "properties": {
        "room": null,
        "building": "SW3",
        "floor": "1",
        "type": "path",
        "source": "traced",
        "nodes": [
          "nmtm5w4p2x",
          "nmtm5w33aw"
        ]
      },
      "geometry": {
        "type": "LineString",
        "coordinates": [
          [
            -123.00337871888073,
            49.24971536719195
          ],
          [
            -123.00342217643538,
            49.24971384188917
          ]
        ]
      }
    },
    {
      "type": "Feature",
      "properties": {
        "room": null,
        "building": "SW3",
        "floor": "1",
        "type": "path",
        "source": "traced",
        "nodes": [
          "nmtm5w33aw",
          "nmtm5w2amv"
        ]
      },
      "geometry": {
        "type": "LineString",
        "coordinates": [
          [
            -123.00342217643538,
            49.24971384188917
          ],
          [
            -123.00342451345033,
            49.24969035368702
          ]
        ]
      }
    },
    {
      "type": "Feature",
      "properties": {
        "room": null,
        "building": "SW3",
        "floor": "1",
        "type": "path",
        "source": "traced",
        "nodes": [
          "nmtm5w6y5y",
          "nmtm5w7pqz"
        ]
      },
      "geometry": {
        "type": "LineString",
        "coordinates": [
          [
            -123.00334460363673,
            49.24971292646403
          ],
          [
            -123.00334366940567,
            49.24969035368702
          ]
        ]
      }
    },
    {
      "type": "Feature",
      "properties": {
        "room": null,
        "building": "SW3",
        "floor": "1",
        "type": "path",
        "source": "traced",
        "nodes": [
          "nmtm5zx7z2b",
          "nmtm602k62d"
        ]
      },
      "geometry": {
        "type": "LineString",
        "coordinates": [
          [
            -123.00219829349452,
            49.2500472453236
          ],
          [
            -123.00209148357533,
            49.25004912243206
          ]
        ]
      }
    },
    {
      "type": "Feature",
      "properties": {
        "room": null,
        "building": "SW3",
        "floor": "1",
        "type": "path",
        "source": "traced",
        "nodes": [
          "nmtm602k62d",
          "nmtm601fy2c"
        ]
      },
      "geometry": {
        "type": "LineString",
        "coordinates": [
          [
            -123.00209148357533,
            49.25004912243206
          ],
          [
            -123.00209101789707,
            49.25007016990628
          ]
        ]
      }
    },
    {
      "type": "Feature",
      "properties": {
        "room": null,
        "building": "SW3",
        "floor": "1",
        "type": "path",
        "source": "traced",
        "nodes": [
          "nmtm602k62d",
          "nmtm607fi2e"
        ]
      },
      "geometry": {
        "type": "LineString",
        "coordinates": [
          [
            -123.00209148357533,
            49.25004912243206
          ],
          [
            -123.00204602245435,
            49.25004697142646
          ]
        ]
      }
    },
    {
      "type": "Feature",
      "properties": {
        "room": null,
        "building": "SW3",
        "floor": "1",
        "type": "path",
        "source": "traced",
        "nodes": [
          "nmtm607fi2e",
          "nmtm6094u2f"
        ]
      },
      "geometry": {
        "type": "LineString",
        "coordinates": [
          [
            -123.00204602245435,
            49.25004697142646
          ],
          [
            -123.00204508822328,
            49.25001799310813
          ]
        ]
      }
    },
    {
      "type": "Feature",
      "properties": {
        "room": null,
        "building": "SW3",
        "floor": "1",
        "type": "path",
        "source": "traced",
        "nodes": [
          "nmtm6094u2f",
          "nmtm60eu62g"
        ]
      },
      "geometry": {
        "type": "LineString",
        "coordinates": [
          [
            -123.00204508822328,
            49.25001799310813
          ],
          [
            -123.00211004171614,
            49.25001829865562
          ]
        ]
      }
    },
    {
      "type": "Feature",
      "properties": {
        "room": null,
        "building": "SW3",
        "floor": "1",
        "type": "path",
        "source": "traced",
        "nodes": [
          "nmtm60eu62g",
          "nmtm60fta2h"
        ]
      },
      "geometry": {
        "type": "LineString",
        "coordinates": [
          [
            -123.00211004171614,
            49.25001829865562
          ],
          [
            -123.00211518142429,
            49.24994844514416
          ]
        ]
      }
    },
    {
      "type": "Feature",
      "properties": {
        "room": null,
        "building": "SW3",
        "floor": "1",
        "type": "path",
        "source": "traced",
        "nodes": [
          "nmtm60fta2h",
          "nmtm60i3a2i"
        ]
      },
      "geometry": {
        "type": "LineString",
        "coordinates": [
          [
            -123.00211518142429,
            49.24994844514416
          ],
          [
            -123.00199415107097,
            49.24994417478329
          ]
        ]
      }
    },
    {
      "type": "Feature",
      "properties": {
        "room": null,
        "building": "SW3",
        "floor": "1",
        "type": "path",
        "source": "traced",
        "nodes": [
          "nmtm60i3a2i",
          "nmtm60ipa2j"
        ]
      },
      "geometry": {
        "type": "LineString",
        "coordinates": [
          [
            -123.00199415107097,
            49.24994417478329
          ],
          [
            -123.00199461962379,
            49.249969187070896
          ]
        ]
      }
    },
    {
      "type": "Feature",
      "properties": {
        "room": null,
        "building": "SW3",
        "floor": "1",
        "type": "path",
        "source": "traced",
        "nodes": [
          "nmtm607fi2e",
          "nmtm60mri2l"
        ]
      },
      "geometry": {
        "type": "LineString",
        "coordinates": [
          [
            -123.00204602245435,
            49.25004697142646
          ],
          [
            -123.00196658119357,
            49.25004666709629
          ]
        ]
      }
    },
    {
      "type": "Feature",
      "properties": {
        "room": null,
        "building": "SW3",
        "floor": "1",
        "type": "path",
        "source": "traced",
        "nodes": [
          "nmtm60nrq2m",
          "nmtm60mri2l"
        ]
      },
      "geometry": {
        "type": "LineString",
        "coordinates": [
          [
            -123.00196658119357,
            49.25007686516991
          ],
          [
            -123.00196658119357,
            49.25004666709629
          ]
        ]
      }
    },
    {
      "type": "Feature",
      "properties": {
        "room": null,
        "building": "SW3",
        "floor": "1",
        "type": "path",
        "source": "traced",
        "nodes": [
          "nmtm60mri2l",
          "nmtm60lxi2k"
        ]
      },
      "geometry": {
        "type": "LineString",
        "coordinates": [
          [
            -123.00196658119357,
            49.25004666709629
          ],
          [
            -123.00192358931717,
            49.25004575167115
          ]
        ]
      }
    },
    {
      "type": "Feature",
      "properties": {
        "room": null,
        "building": "SW3",
        "floor": "1",
        "type": "path",
        "source": "traced",
        "nodes": [
          "nmtm60lxi2k",
          "nmtm60qpi2n"
        ]
      },
      "geometry": {
        "type": "LineString",
        "coordinates": [
          [
            -123.00192358931717,
            49.25004575167115
          ],
          [
            -123.00192312076436,
            49.25002165359136
          ]
        ]
      }
    },
    {
      "type": "Feature",
      "properties": {
        "room": null,
        "building": "SW3",
        "floor": "1",
        "type": "path",
        "source": "traced",
        "nodes": [
          "nmtm60lxi2k",
          "nmtm60t262o"
        ]
      },
      "geometry": {
        "type": "LineString",
        "coordinates": [
          [
            -123.00192358931717,
            49.25004575167115
          ],
          [
            -123.00187592341088,
            49.25004727697394
          ]
        ]
      }
    },
    {
      "type": "Feature",
      "properties": {
        "room": null,
        "building": "SW3",
        "floor": "1",
        "type": "path",
        "source": "traced",
        "nodes": [
          "nmtm60t262o",
          "nmtm60tie2p"
        ]
      },
      "geometry": {
        "type": "LineString",
        "coordinates": [
          [
            -123.00187592341088,
            49.25004727697394
          ],
          [
            -123.00187639196369,
            49.250020433836056
          ]
        ]
      }
    },
    {
      "type": "Feature",
      "properties": {
        "room": null,
        "building": "SW3",
        "floor": "1",
        "type": "path",
        "source": "traced",
        "nodes": [
          "nmtm60t262o",
          "nmtm60v9a2q"
        ]
      },
      "geometry": {
        "type": "LineString",
        "coordinates": [
          [
            -123.00187592341088,
            49.25004727697394
          ],
          [
            -123.00183340008729,
            49.25004697142646
          ]
        ]
      }
    },
    {
      "type": "Feature",
      "properties": {
        "room": null,
        "building": "SW3",
        "floor": "1",
        "type": "path",
        "source": "traced",
        "nodes": [
          "nmtm60v9a2q",
          "nmtm60why2r"
        ]
      },
      "geometry": {
        "type": "LineString",
        "coordinates": [
          [
            -123.00183340008729,
            49.25004697142646
          ],
          [
            -123.00183433431836,
            49.25001799310813
          ]
        ]
      }
    },
    {
      "type": "Feature",
      "properties": {
        "room": null,
        "building": "SW3",
        "floor": "1",
        "type": "path",
        "source": "traced",
        "nodes": [
          "nmtm5z98e1z",
          "nmtm5zaba20"
        ]
      },
      "geometry": {
        "type": "LineString",
        "coordinates": [
          [
            -123.00244318563988,
            49.25002403953985
          ],
          [
            -123.00242168970168,
            49.250008483399135
          ]
        ]
      }
    },
    {
      "type": "Feature",
      "properties": {
        "room": null,
        "building": "SW3",
        "floor": "1",
        "type": "path",
        "source": "traced",
        "nodes": [
          "nmtm61b9q2s",
          "nmtm5tjum9"
        ]
      },
      "geometry": {
        "type": "LineString",
        "coordinates": [
          [
            -123.00263511981929,
            49.25015920473938
          ],
          [
            -123.0026473625581,
            49.25007811292359
          ]
        ]
      }
    },
    {
      "type": "Feature",
      "properties": {
        "room": null,
        "building": "SW3",
        "floor": "1",
        "type": "path",
        "source": "traced",
        "nodes": [
          "nmtm5uxyem",
          "nmtm5tgqu8"
        ]
      },
      "geometry": {
        "type": "LineString",
        "coordinates": [
          [
            -123.00317070155418,
            49.25007663631363
          ],
          [
            -123.0027428668441,
            49.25007922555467
          ]
        ]
      }
    },
    {
      "type": "Feature",
      "properties": {
        "room": null,
        "building": "SW3",
        "floor": "1",
        "type": "node",
        "source": "traced",
        "uv": [
          0.240538,
          0.433984
        ],
        "nid": "nmtmaigul1"
      },
      "geometry": {
        "type": "Point",
        "coordinates": [
          -123.00338953009009,
          49.25013462825257
        ]
      }
    },
    {
      "type": "Feature",
      "properties": {
        "room": null,
        "building": "SW3",
        "floor": "1",
        "type": "node",
        "source": "traced",
        "uv": [
          0.218303,
          0.433385
        ],
        "nid": "nmtmaiiut2"
      },
      "geometry": {
        "type": "Point",
        "coordinates": [
          -123.00345344586782,
          49.250135357427645
        ]
      }
    },
    {
      "type": "Feature",
      "properties": {
        "room": null,
        "building": "SW3",
        "floor": "1",
        "type": "path",
        "source": "traced",
        "nodes": [
          "nmtm5uwpyl",
          "nmtmaigul1"
        ]
      },
      "geometry": {
        "type": "LineString",
        "coordinates": [
          [
            -123.00322563146634,
            49.250109276332495
          ],
          [
            -123.00338953009009,
            49.25013462825257
          ]
        ]
      }
    },
    {
      "type": "Feature",
      "properties": {
        "room": null,
        "building": "SW3",
        "floor": "1",
        "type": "path",
        "source": "traced",
        "nodes": [
          "nmtmaigul1",
          "nmtmaiiut2"
        ]
      },
      "geometry": {
        "type": "LineString",
        "coordinates": [
          [
            -123.00338953009009,
            49.25013462825257
          ],
          [
            -123.00345344586782,
            49.250135357427645
          ]
        ]
      }
    },
    {
      "type": "Feature",
      "properties": {
        "room": null,
        "building": "SW3",
        "floor": "1",
        "type": "path",
        "source": "traced",
        "nodes": [
          "nmtmaiiut2",
          "nmtm5wwa61i"
        ]
      },
      "geometry": {
        "type": "LineString",
        "coordinates": [
          [
            -123.00345344586782,
            49.250135357427645
          ],
          [
            -123.00345489177005,
            49.25009258808356
          ]
        ]
      }
    },
    {
      "type": "Feature",
      "properties": {
        "room": null,
        "building": "SW3",
        "floor": "1",
        "type": "path",
        "source": "traced",
        "nodes": [
          "nmtm5vrour",
          "nmtm5uo06i"
        ]
      },
      "geometry": {
        "type": "LineString",
        "coordinates": [
          [
            -123.00322217049955,
            49.249804742874844
          ],
          [
            -123.003214644909,
            49.249954726518766
          ]
        ]
      }
    },
    {
      "type": "Feature",
      "properties": {
        "room": null,
        "building": "SW3",
        "floor": "1",
        "type": "path",
        "source": "traced",
        "nodes": [
          "nmtm5twque",
          "nmtm5uo06i"
        ]
      },
      "geometry": {
        "type": "LineString",
        "coordinates": [
          [
            -123.00298040012323,
            49.24994489908908
          ],
          [
            -123.003214644909,
            49.249954726518766
          ]
        ]
      }
    },
    {
      "type": "Feature",
      "properties": {
        "room": "Hallway",
        "building": "SW3",
        "floor": "1",
        "type": "hallway",
        "source": "traced",
        "uv": [
          [
            0.225493,
            0.442318
          ],
          [
            0.241593,
            0.441447
          ],
          [
            0.241028,
            0.454509
          ],
          [
            0.236226,
            0.454945
          ],
          [
            0.236226,
            0.577293
          ],
          [
            0.248994,
            0.577945
          ],
          [
            0.24849,
            0.698341
          ],
          [
            0.291201,
            0.698422
          ],
          [
            0.291233,
            0.713376
          ],
          [
            0.237245,
            0.713602
          ],
          [
            0.236915,
            0.598287
          ],
          [
            0.225004,
            0.598425
          ]
        ]
      },
      "geometry": {
        "type": "Polygon",
        "coordinates": [
          [
            [
              -123.00343277780208,
              49.250124483102184
            ],
            [
              -123.00338649743232,
              49.25012554338848
            ],
            [
              -123.0033881215571,
              49.25010964274601
            ],
            [
              -123.00340192518041,
              49.250109111994206
            ],
            [
              -123.00340192518041,
              49.249960175246045
            ],
            [
              -123.00336522283501,
              49.249959381552976
            ],
            [
              -123.0033666716118,
              49.24981282101474
            ],
            [
              -123.00324389640232,
              49.24981272241177
            ],
            [
              -123.0032438044165,
              49.24979451859861
            ],
            [
              -123.00339899600671,
              49.249794243484146
            ],
            [
              -123.00339994461056,
              49.2499346188161
            ],
            [
              -123.0034341834605,
              49.24993445082585
            ],
            [
              -123.00343277780208,
              49.250124483102184
            ]
          ]
        ]
      }
    },
    {
      "type": "Feature",
      "properties": {
        "room": "Hallway",
        "building": "SW3",
        "floor": "1",
        "type": "hallway",
        "source": "traced",
        "uv": [
          [
            0.283162,
            0.468842
          ],
          [
            0.282782,
            0.492162
          ],
          [
            0.471099,
            0.491304
          ],
          [
            0.47083,
            0.571424
          ],
          [
            0.482847,
            0.571421
          ],
          [
            0.482847,
            0.571421
          ],
          [
            0.482847,
            0.571421
          ],
          [
            0.482847,
            0.571421
          ],
          [
            0.483105,
            0.573961
          ],
          [
            0.50388,
            0.57371
          ],
          [
            0.503613,
            0.518178
          ],
          [
            0.534885,
            0.518737
          ],
          [
            0.534698,
            0.515384
          ],
          [
            0.592854,
            0.51482
          ],
          [
            0.592952,
            0.523364
          ],
          [
            0.604077,
            0.522718
          ],
          [
            0.604321,
            0.517076
          ],
          [
            0.702769,
            0.5167
          ],
          [
            0.703281,
            0.523587
          ],
          [
            0.714233,
            0.52322
          ],
          [
            0.714272,
            0.5176
          ],
          [
            0.788209,
            0.516512
          ],
          [
            0.788209,
            0.492443
          ],
          [
            0.548542,
            0.492255
          ],
          [
            0.548317,
            0.494896
          ],
          [
            0.534776,
            0.494332
          ],
          [
            0.534776,
            0.432842
          ],
          [
            0.472644,
            0.433086
          ],
          [
            0.472644,
            0.46919
          ]
        ]
      },
      "geometry": {
        "type": "Polygon",
        "coordinates": [
          [
            [
              -123.00326700496707,
              49.250092194888985
            ],
            [
              -123.00326809729879,
              49.250063806971184
            ],
            [
              -123.00272676932418,
              49.25006485143231
            ],
            [
              -123.00272754258006,
              49.249967319701
            ],
            [
              -123.00269299902705,
              49.24996732335296
            ],
            [
              -123.00269299902705,
              49.24996732335296
            ],
            [
              -123.00269299902705,
              49.24996732335296
            ],
            [
              -123.00269299902705,
              49.24996732335296
            ],
            [
              -123.00269225739132,
              49.24996423135848
            ],
            [
              -123.00263253846698,
              49.24996453690597
            ],
            [
              -123.00263330597375,
              49.250032137156886
            ],
            [
              -123.00254341282324,
              49.250031456674634
            ],
            [
              -123.00254395036544,
              49.25003553835081
            ],
            [
              -123.00237677762112,
              49.25003622491966
            ],
            [
              -123.00237649591452,
              49.25002582413194
            ],
            [
              -123.00234451646648,
              49.25002661052109
            ],
            [
              -123.00234381507454,
              49.250033478644255
            ],
            [
              -123.00206082067444,
              49.25003393635682
            ],
            [
              -123.00205934890118,
              49.250025552669435
            ],
            [
              -123.00202786675153,
              49.250025999426114
            ],
            [
              -123.0020277546438,
              49.25003284076823
            ],
            [
              -123.00181521851346,
              49.25003416521311
            ],
            [
              -123.00181521851346,
              49.25006346490408
            ],
            [
              -123.00250415499656,
              49.25006369376037
            ],
            [
              -123.0025048017719,
              49.2500604788165
            ],
            [
              -123.00254372614998,
              49.250061165385354
            ],
            [
              -123.00254372614998,
              49.25013601843276
            ],
            [
              -123.00272232813343,
              49.25013572140652
            ],
            [
              -123.00272232813343,
              49.250091771261395
            ],
            [
              -123.00326700496707,
              49.250092194888985
            ]
          ]
        ]
      }
    },
    {
      "type": "Feature",
      "properties": {
        "room": "Hallway",
        "building": "SW3",
        "floor": "1",
        "type": "hallway",
        "source": "traced",
        "uv": [
          [
            0.503613,
            0.518178
          ],
          [
            0.516896,
            0.51892
          ],
          [
            0.516672,
            0.572268
          ],
          [
            0.50388,
            0.57371
          ]
        ]
      },
      "geometry": {
        "type": "Polygon",
        "coordinates": [
          [
            [
              -123.00263330597375,
              49.250032137156886
            ],
            [
              -123.00259512323142,
              49.250031233904956
            ],
            [
              -123.00259576713222,
              49.249966292282366
            ],
            [
              -123.00263253846698,
              49.24996453690597
            ],
            [
              -123.00263330597375,
              49.250032137156886
            ]
          ]
        ]
      }
    }
  ]
}