{"type":"FeatureCollection","features":[
{"type": "Feature", "properties": {"name": "Drop off/Pick up Only", "type": "parking", "kinds": ["Drop off/Pick up Only"], "label": true, "source": "BCIT ArcGIS Bsite_ParkingBoundaries", "hours": "24hr Mon - Sun"}, "geometry": {"type": "MultiPolygon", "coordinates": [[[[-123.003812859045, 49.2505524801686], [-123.003891371801, 49.2505524801686], [-123.003890640572, 49.2507786067517], [-123.003812859045, 49.2507783628198], [-123.003812859045, 49.2505524801686]]], [[[-123.003706105053, 49.2523986505167], [-123.003706646737, 49.2520487832206], [-123.003796374061, 49.2521596514071], [-123.003798397067, 49.2523986505167], [-123.003706105053, 49.2523986505167]]]]}},
{"type": "Feature", "properties": {"name": "LOT A", "type": "parking", "kinds": ["Service Vehicle (Contractor) Daily Parking", "Student and Daily Parking", "Student and Public"], "label": true, "source": "BCIT ArcGIS Bsite_ParkingBoundaries", "stalls": 176, "hours": "24hrs 7 days/week Mon-Sun 6am-6am", "staffOnly": "No"}, "geometry": {"type": "Polygon", "coordinates": [[[-122.998178507904, 49.2519204482593], [-122.998178508802, 49.251896246779], [-122.9981785097, 49.2518781422768], [-122.998220139427, 49.2518784272487], [-122.998219923832, 49.2518357301266], [-122.998220130444, 49.2518288374377], [-122.999074298922, 49.2518313816639], [-122.99907396385, 49.252349427701], [-122.998612425627, 49.2523473185779], [-122.998612425627, 49.2523596695829], [-122.998612424729, 49.2523669286701], [-122.998612424729, 49.2523678932257], [-122.998158578779, 49.2523678867757], [-122.998158578779, 49.2523644853248], [-122.998158579677, 49.2523498662954], [-122.998141933895, 49.2523403772929], [-122.998141934793, 49.2523402664715], [-122.998141937488, 49.2523061757065], [-122.998142865448, 49.2522624094389], [-122.998142961568, 49.2522578516842], [-122.998143610152, 49.2522272860444], [-122.998143661355, 49.2522248714236], [-122.998144644112, 49.2521784594359], [-122.998144840843, 49.2521691973211], [-122.99814616496, 49.2521066680326], [-122.99814642637, 49.252094349214], [-122.99814789242, 49.2520251189091], [-122.998148001117, 49.2520200087813], [-122.99814897489, 49.2519615292979], [-122.998149596525, 49.2519204482593], [-122.998152025569, 49.2519204482593], [-122.998178507904, 49.2519204482593]]]}},
{"type": "Feature", "properties": {"name": "LOT A", "type": "parking", "kinds": ["Service Vehicle (Contractor) Daily Parking", "Student and Daily Parking", "Student and Public"], "label": false, "source": "BCIT ArcGIS Bsite_ParkingBoundaries", "stalls": 176, "hours": "24hrs 7 days/week Mon-Sun 6am-6am", "staffOnly": "No"}, "geometry": {"type": "Polygon", "coordinates": [[[-122.998178507904, 49.2519204482593], [-122.998178508802, 49.251896246779], [-122.9981785097, 49.2518781422768], [-122.998220139427, 49.2518784272487], [-122.998219923832, 49.2518357301266], [-122.998220130444, 49.2518288374377], [-122.999074298922, 49.2518313816639], [-122.99907428365, 49.252347322096], [-122.998612425627, 49.2523473185779], [-122.998612425627, 49.2523596695829], [-122.998612424729, 49.2523669286701], [-122.998612424729, 49.2523678932257], [-122.998158578779, 49.2523678867757], [-122.998158578779, 49.2523644853248], [-122.998158579677, 49.2523498662954], [-122.998141933895, 49.2523403772929], [-122.998141934793, 49.2523402664715], [-122.998141937488, 49.2523061757065], [-122.998142865448, 49.2522624094389], [-122.998142961568, 49.2522578516842], [-122.998143610152, 49.2522272860444], [-122.998143661355, 49.2522248714236], [-122.998144644112, 49.2521784594359], [-122.998144840843, 49.2521691973211], [-122.99814616496, 49.2521066680326], [-122.99814642637, 49.252094349214], [-122.99814789242, 49.2520251189091], [-122.998148001117, 49.2520200087813], [-122.99814897489, 49.2519615292979], [-122.998149596525, 49.2519204482593], [-122.998152025569, 49.2519204482593], [-122.998178507904, 49.2519204482593]]]}},
{"type": "Feature", "properties": {"name": "LOT B", "type": "parking", "kinds": ["Service Vehicle (Contractor) Daily Parking", "Student and Daily Parking", "Student and Public"], "label": true, "source": "BCIT ArcGIS Bsite_ParkingBoundaries", "stalls": 141, "hours": "24hrs 7 days/week Mon-Sun 6am-6am", "staffOnly": "No"}, "geometry": {"type": "Polygon", "coordinates": [[[-122.998009452154, 49.2509186844597], [-122.998718483424, 49.2509169394132], [-122.998718469051, 49.2514139690934], [-122.998717003001, 49.2514139690934], [-122.998685937462, 49.2514139685071], [-122.998520081511, 49.251413966748], [-122.998520080612, 49.2514543345996], [-122.998520077917, 49.2515506300052], [-122.998520077917, 49.251550820574], [-122.998520074324, 49.251672842527], [-122.998522988459, 49.2517320541341], [-122.998220583195, 49.251732608834], [-122.998220198716, 49.2516728384225], [-122.997990681856, 49.2516765207895], [-122.998009452154, 49.2509186844597]]]}},
{"type": "Feature", "properties": {"name": "LOT C", "type": "parking", "kinds": ["Tenant"], "label": true, "source": "BCIT ArcGIS Bsite_ParkingBoundaries", "stalls": 50, "hours": "24hrs 7 days/week Mon-Sun 6am-6am", "staffOnly": "No"}, "geometry": {"type": "Polygon", "coordinates": [[[-122.99832336843, 49.2492447988049], [-122.998827356542, 49.2492476070411], [-122.99881948191, 49.2487302491383], [-122.998949681931, 49.2487300849466], [-122.998949177077, 49.248786615551], [-122.998950564076, 49.2487874447185], [-122.998954868803, 49.2487877813112], [-122.998969243644, 49.2487879109053], [-122.998969231068, 49.2494120929353], [-122.998390821128, 49.2494084801799], [-122.998321646359, 49.2494080568055], [-122.99832336843, 49.2492447988049]]]}},
{"type": "Feature", "properties": {"name": "LOT D", "type": "parking", "kinds": ["Service Vehicle (Contractor) Daily Parking", "Student and Daily Parking", "Student and Public"], "label": true, "source": "BCIT ArcGIS Bsite_ParkingBoundaries", "stalls": 282, "hours": "24hrs 7 days/week Mon-Sun 6am-6am", "staffOnly": "No"}, "geometry": {"type": "Polygon", "coordinates": [[[-122.999563603172, 49.2477269111811], [-122.999564673066, 49.2477828318946], [-122.9995673743, 49.2479238915412], [-122.999567942933, 49.2479535767146], [-122.999573193586, 49.2482278796087], [-122.999573830492, 49.2482612096912], [-122.999574206886, 49.2482808266842], [-122.999578308593, 49.2484951048673], [-122.999578551139, 49.2485077887396], [-122.999577822605, 49.2485368244154], [-122.999490553072, 49.2485356422301], [-122.999472393628, 49.2485353965279], [-122.999288464472, 49.2485355044258], [-122.999085782984, 49.2485356234653], [-122.998673626949, 49.2485358633035], [-122.998666363172, 49.2476717615357], [-122.999435258173, 49.2476723637805], [-122.999442964819, 49.2476724587792], [-122.999443477757, 49.247618028601], [-122.999561178619, 49.2476189856259], [-122.999561781389, 49.2476739336047], [-122.999563603172, 49.2477269111811]]]}},
{"type": "Feature", "properties": {"name": "LOT E", "type": "parking", "kinds": ["Service Vehicle (Contractor) Daily Parking", "Student and Daily Parking", "Student and Public"], "label": true, "source": "BCIT ArcGIS Bsite_ParkingBoundaries", "stalls": 144, "hours": "24hrs 7 days/week Mon-Sun 6am-6am", "staffOnly": "No"}, "geometry": {"type": "Polygon", "coordinates": [[[-122.998538786232, 49.2467375536808], [-122.998544768113, 49.2467375536808], [-122.998555900036, 49.2474440884214], [-122.99848053857, 49.2474449557283], [-122.998484535175, 49.2475747830166], [-122.998482918207, 49.2475756444571], [-122.998478873094, 49.2475786551006], [-122.998475646345, 49.2475820633318], [-122.998473326895, 49.2475857747381], [-122.998473326895, 49.2475867956827], [-122.998473326895, 49.247587851812], [-122.998473327793, 49.2476176315998], [-122.998473037638, 49.2476206891537], [-122.998473403252, 49.2476237426026], [-122.998474413857, 49.2476267338916], [-122.998477610062, 49.247628064461], [-122.998481087441, 49.2476290449422], [-122.998484760652, 49.2476296495332], [-122.998488535373, 49.2476298624009], [-122.998540413979, 49.2476298606416], [-122.998548769209, 49.2476298606416], [-122.99854923274, 49.2477067632658], [-122.998549235435, 49.2477072189074], [-122.998549510319, 49.2477527326126], [-122.998549693576, 49.2477829919847], [-122.998549764543, 49.2477948116712], [-122.998551230593, 49.248037718034], [-122.998555297266, 49.248281281734], [-122.998555301758, 49.248281490494], [-122.998555301758, 49.2482815714179], [-122.9985561857, 49.2484908200281], [-122.998481300342, 49.2484926179366], [-122.998368020089, 49.2484900635696], [-122.998366570208, 49.2484287505115], [-122.998311608584, 49.2484179554226], [-122.99830384175, 49.2484153189553], [-122.998303663884, 49.2483814723556], [-122.99829978406, 49.2476398894623], [-122.998295282602, 49.2467790161018], [-122.998295073295, 49.2467392027017], [-122.998294738223, 49.2467088670414], [-122.998474829777, 49.2467063759158], [-122.998472997213, 49.2467375525079], [-122.998538786232, 49.2467375536808]]]}},
{"type": "Feature", "properties": {"name": "LOT F", "type": "parking", "kinds": ["Service Vehicle (Contractor) Daily Parking", "Student and Daily Parking", "Student and Public"], "label": false, "source": "BCIT ArcGIS Bsite_ParkingBoundaries", "stalls": 258, "hours": "24hrs 7 days/week Mon-Sun 6am-6am", "staffOnly": "No"}, "geometry": {"type": "Polygon", "coordinates": [[[-122.999474236073, 49.2466537532035], [-122.999477169072, 49.2467159398905], [-122.999479374436, 49.2467627510897], [-122.99948217718, 49.246822223093], [-122.999482421522, 49.2468274129257], [-122.999496598734, 49.2472380659455], [-122.999496313069, 49.2472392041806], [-122.999496327442, 49.247240358249], [-122.999496640056, 49.2472414912063], [-122.999497245521, 49.2472425743182], [-122.999498123175, 49.2472435759181], [-122.99949925056, 49.2472444619939], [-122.999500588152, 49.2472452108481], [-122.99950210361, 49.2472457996105], [-122.999503748425, 49.2472462095159], [-122.999505480377, 49.247246430595], [-122.999507240176, 49.2472464558109], [-122.999550315293, 49.2472462306269], [-122.999552664387, 49.2472461438372], [-122.9995550036, 49.2472463080339], [-122.99955727005, 49.2472467179392], [-122.999559407142, 49.2472473635841], [-122.999561355587, 49.2472482262031], [-122.999563061488, 49.2472492858581], [-122.999564485318, 49.2472505138148], [-122.999565584856, 49.247251874888], [-122.999566333152, 49.2472533350656], [-122.999566709546, 49.2472548550576], [-122.999566703258, 49.2472563961606], [-122.999566315186, 49.2472579149796], [-122.999566194812, 49.2472734039997], [-122.999566141811, 49.2472803536205], [-122.999563893328, 49.2475689898435], [-122.999564814101, 49.2476237420162], [-122.999441341564, 49.2476205185078], [-122.999442062013, 49.2475681829393], [-122.999436828428, 49.2475681477545], [-122.999133086471, 49.2475659475331], [-122.998810835625, 49.2475636136095], [-122.998767139773, 49.2475632975328], [-122.998638951979, 49.2475623680682], [-122.998625493419, 49.2475622707236], [-122.998626412396, 49.2475333429611], [-122.998578424393, 49.2475322170474], [-122.998572471258, 49.2475320763082], [-122.998565669215, 49.2475326908694], [-122.998551991466, 49.2475331987034], [-122.998521828734, 49.2475366491595], [-122.998519000837, 49.2475369036629], [-122.998518286677, 49.2475370526118], [-122.998483590147, 49.2475440790157], [-122.998481500666, 49.2474762233347], [-122.998481297647, 49.2474696138617], [-122.998486528536, 49.2474699950308], [-122.998486974999, 49.2474700102776], [-122.998487401699, 49.2474700607092], [-122.998507399096, 49.2474706617837], [-122.998536119133, 49.2474701826833], [-122.998564369352, 49.2474667656482], [-122.998591450863, 49.2474604945349], [-122.998628803711, 49.2474493198241], [-122.99862929509, 49.2474104868637], [-122.998612855022, 49.2466558760576], [-122.99916014732, 49.2466545266965], [-122.999186521857, 49.2466667501126], [-122.999215475457, 49.2466761627978], [-122.999246311926, 49.2466825407398], [-122.999278287458, 49.2466857273648], [-122.999310633995, 49.2466856481976], [-122.999342571798, 49.2466823032383], [-122.999373332809, 49.2466757745854], [-122.999402177712, 49.2466662188128], [-122.999428412112, 49.2466538657969], [-122.999474236073, 49.2466537532035]]]}},
{"type": "Feature", "properties": {"name": "LOT F", "type": "parking", "kinds": ["Service Vehicle (Contractor) Daily Parking", "Student and Daily Parking", "Student and Public"], "label": true, "source": "BCIT ArcGIS Bsite_ParkingBoundaries", "stalls": 258, "hours": "24hrs 7 days/week Mon-Sun 6am-6am", "staffOnly": "No"}, "geometry": {"type": "Polygon", "coordinates": [[[-122.999474236073, 49.2466537532035], [-122.999477169072, 49.2467159398905], [-122.999479374436, 49.2467627510897], [-122.99948217718, 49.246822223093], [-122.999482421522, 49.2468274129257], [-122.999496598734, 49.2472380659455], [-122.999496313069, 49.2472392041806], [-122.999496327442, 49.247240358249], [-122.999496640056, 49.2472414912063], [-122.999497245521, 49.2472425743182], [-122.999498123175, 49.2472435759181], [-122.99949925056, 49.2472444619939], [-122.999500588152, 49.2472452108481], [-122.99950210361, 49.2472457996105], [-122.999503748425, 49.2472462095159], [-122.999505480377, 49.247246430595], [-122.999507240176, 49.2472464558109], [-122.999550315293, 49.2472462306269], [-122.999552664387, 49.2472461438372], [-122.9995550036, 49.2472463080339], [-122.99955727005, 49.2472467179392], [-122.999559407142, 49.2472473635841], [-122.999561355587, 49.2472482262031], [-122.999563061488, 49.2472492858581], [-122.999564485318, 49.2472505138148], [-122.999565584856, 49.247251874888], [-122.999566333152, 49.2472533350656], [-122.999566709546, 49.2472548550576], [-122.999566703258, 49.2472563961606], [-122.999566315186, 49.2472579149796], [-122.999566194812, 49.2472734039997], [-122.999566141811, 49.2472803536205], [-122.999563893328, 49.2475689898435], [-122.999564814101, 49.2476237420162], [-122.999441341564, 49.2476205185078], [-122.999442062013, 49.2475681829393], [-122.999436828428, 49.2475681477545], [-122.999133086471, 49.2475659475331], [-122.998810835625, 49.2475636136095], [-122.998767139773, 49.2475632975328], [-122.998638951979, 49.2475623680682], [-122.998625493419, 49.2475622707236], [-122.998626412396, 49.2475333429611], [-122.998578424393, 49.2475322170474], [-122.998572471258, 49.2475320763082], [-122.998565669215, 49.2475326908694], [-122.998551991466, 49.2475331987034], [-122.998521828734, 49.2475366491595], [-122.998519000837, 49.2475369036629], [-122.998518286677, 49.2475370526118], [-122.998467592949, 49.2475476825249], [-122.998467702543, 49.2474677261946], [-122.998465999337, 49.2474674400245], [-122.998467732187, 49.2474676546521], [-122.9984799897, 49.2474691816744], [-122.998486528536, 49.2474699950308], [-122.998486974999, 49.2474700102776], [-122.998487401699, 49.2474700607092], [-122.998507399096, 49.2474706617837], [-122.998536119133, 49.2474701826833], [-122.998564369352, 49.2474667656482], [-122.998591450863, 49.2474604945349], [-122.998628803711, 49.2474493198241], [-122.99862929509, 49.2474104868637], [-122.998612855022, 49.2466558760576], [-122.99916014732, 49.2466545266965], [-122.999186521857, 49.2466667501126], [-122.999215475457, 49.2466761627978], [-122.999246311926, 49.2466825407398], [-122.999278287458, 49.2466857273648], [-122.999310633995, 49.2466856481976], [-122.999342571798, 49.2466823032383], [-122.999373332809, 49.2466757745854], [-122.999402177712, 49.2466662188128], [-122.999428412112, 49.2466538657969], [-122.999474236073, 49.2466537532035]]]}},
{"type": "Feature", "properties": {"name": "LOT F", "type": "parking", "kinds": ["Service Vehicle (Contractor) Daily Parking", "Student and Daily Parking", "Student and Public"], "label": false, "source": "BCIT ArcGIS Bsite_ParkingBoundaries", "stalls": 258, "hours": "24hrs 7 days/week Mon-Sun 6am-6am", "staffOnly": "No"}, "geometry": {"type": "Polygon", "coordinates": [[[-122.999474236073, 49.2466537532035], [-122.999477169072, 49.2467159398905], [-122.999479374436, 49.2467627510897], [-122.99948217718, 49.246822223093], [-122.999482421522, 49.2468274129257], [-122.999496598734, 49.2472380659455], [-122.999496313069, 49.2472392041806], [-122.999496327442, 49.247240358249], [-122.999496640056, 49.2472414912063], [-122.999497245521, 49.2472425743182], [-122.999498123175, 49.2472435759181], [-122.99949925056, 49.2472444619939], [-122.999500588152, 49.2472452108481], [-122.99950210361, 49.2472457996105], [-122.999503748425, 49.2472462095159], [-122.999505480377, 49.247246430595], [-122.999507240176, 49.2472464558109], [-122.999550315293, 49.2472462306269], [-122.999552664387, 49.2472461438372], [-122.9995550036, 49.2472463080339], [-122.99955727005, 49.2472467179392], [-122.999559407142, 49.2472473635841], [-122.999561355587, 49.2472482262031], [-122.999563061488, 49.2472492858581], [-122.999564485318, 49.2472505138148], [-122.999565584856, 49.247251874888], [-122.999566333152, 49.2472533350656], [-122.999566709546, 49.2472548550576], [-122.999566703258, 49.2472563961606], [-122.999566315186, 49.2472579149796], [-122.999566194812, 49.2472734039997], [-122.999566141811, 49.2472803536205], [-122.999563893328, 49.2475689898435], [-122.999564814101, 49.2476237420162], [-122.999441341564, 49.2476205185078], [-122.999442062013, 49.2475681829393], [-122.999436828428, 49.2475681477545], [-122.999133086471, 49.2475659475331], [-122.998810835625, 49.2475636136095], [-122.998767139773, 49.2475632975328], [-122.998638951979, 49.2475623680682], [-122.998625493419, 49.2475622707236], [-122.998626412396, 49.2475333429611], [-122.998578424393, 49.2475322170474], [-122.998572471258, 49.2475320763082], [-122.998565669215, 49.2475326908694], [-122.998551991466, 49.2475331987034], [-122.998521828734, 49.2475366491595], [-122.998519000837, 49.2475369036629], [-122.998518286677, 49.2475370526118], [-122.998483605419, 49.2475445821582], [-122.998481297647, 49.2474696138617], [-122.998486528536, 49.2474699950308], [-122.998486974999, 49.2474700102776], [-122.998487401699, 49.2474700607092], [-122.998507399096, 49.2474706617837], [-122.998536119133, 49.2474701826833], [-122.998564369352, 49.2474667656482], [-122.998591450863, 49.2474604945349], [-122.998628803711, 49.2474493198241], [-122.99862929509, 49.2474104868637], [-122.998612855022, 49.2466558760576], [-122.99916014732, 49.2466545266965], [-122.999186521857, 49.2466667501126], [-122.999215475457, 49.2466761627978], [-122.999246311926, 49.2466825407398], [-122.999278287458, 49.2466857273648], [-122.999310633995, 49.2466856481976], [-122.999342571798, 49.2466823032383], [-122.999373332809, 49.2466757745854], [-122.999402177712, 49.2466662188128], [-122.999428412112, 49.2466538657969], [-122.999474236073, 49.2466537532035]]]}},
{"type": "Feature", "properties": {"name": "LOT G", "type": "parking", "kinds": ["Service Vehicle (Contractor) Daily Parking", "Student and Daily Parking", "Student and Public"], "label": true, "source": "BCIT ArcGIS Bsite_ParkingBoundaries", "hours": "24hrs 7 days/week Mon-Sun 6am-6am", "staffOnly": "No"}, "geometry": {"type": "Polygon", "coordinates": [[[-122.99847978129, 49.2465160911959], [-122.998277344144, 49.2465148016463], [-122.998287881383, 49.2456973623611], [-122.998288804851, 49.2454772182143], [-122.99828901865, 49.2454263711003], [-122.998289731912, 49.2453832150808], [-122.998290401157, 49.2453427056245], [-122.998497912886, 49.2453456548281], [-122.998492200499, 49.2453535260163], [-122.998492175346, 49.2453535647213], [-122.99848670281, 49.245365774385], [-122.998486688437, 49.2453658031205], [-122.998484225256, 49.2453784461595], [-122.998484828924, 49.2453912006186], [-122.998484269274, 49.245557414102], [-122.99848268195, 49.2456804970693], [-122.998481357834, 49.2457832756246], [-122.998479806443, 49.2459412402054], [-122.998478935077, 49.2461946645008], [-122.998478759008, 49.2462458327729], [-122.998478692532, 49.2462650852218], [-122.998477848116, 49.2465097396215], [-122.99847978129, 49.2465160911959]]]}},
{"type": "Feature", "properties": {"name": "LOT H", "type": "parking", "kinds": ["Reserved for Student Town Homes Parking"], "label": true, "source": "BCIT ArcGIS Bsite_ParkingBoundaries", "stalls": 121, "hours": "24hrs 7 days/week Mon-Sun 6am-6am", "staffOnly": "No"}, "geometry": {"type": "MultiPolygon", "coordinates": [[[[-123.002325969383, 49.2463127043596], [-123.002321895523, 49.2462548227233], [-123.002318887964, 49.2461788051054], [-123.002318401077, 49.246166477184], [-123.002313931958, 49.246123790369], [-123.002312580892, 49.246110880695], [-123.002282044461, 49.2461112624612], [-123.002281462353, 49.2460637580695], [-123.00229949154, 49.246063566893], [-123.002299488845, 49.2460634713048], [-123.002298907635, 49.2460522470177], [-123.002298907635, 49.2460521520159], [-123.002298406375, 49.2460424659349], [-123.002297402957, 49.2460230462663], [-123.002415454162, 49.2460191453251], [-123.002542422044, 49.2460149488223], [-123.002765266218, 49.2460089930247], [-123.002765551883, 49.2460088851213], [-123.0027658627, 49.2460088100581], [-123.002766186992, 49.2460087695943], [-123.002766514877, 49.2460087631436], [-123.002766841863, 49.246008793638], [-123.00276715807, 49.2460088581455], [-123.00276745182, 49.2460089566659], [-123.002767717721, 49.2460090839215], [-123.002767946791, 49.2460092399123], [-123.002768133641, 49.2460094170146], [-123.00276827288, 49.2460096128827], [-123.002768361813, 49.2460098210659], [-123.002768395949, 49.2460100351134], [-123.002768375288, 49.2460102497473], [-123.002768301626, 49.2460104602762], [-123.002768174963, 49.2460106590764], [-123.00277035787, 49.2460468354326], [-123.002770702823, 49.2460487055611], [-123.0027715149, 49.2460505117685], [-123.002772771643, 49.2460522059675], [-123.002774442509, 49.2460537424166], [-123.002776476295, 49.2460550771334], [-123.002778819999, 49.246056174932], [-123.002781410741, 49.2460570047318], [-123.00278417306, 49.2460575448346], [-123.002787496827, 49.246125723829], [-123.002785214208, 49.2461259765803], [-123.002783028607, 49.2461264762187], [-123.002781002007, 49.2461272057378], [-123.002779191004, 49.2461281475444], [-123.002777648596, 49.2461292734901], [-123.002776414311, 49.2461305536669], [-123.002775526776, 49.2461319499567], [-123.002775010244, 49.2461334230689], [-123.00277487909, 49.2461349319532], [-123.002775136907, 49.2461364338003], [-123.002772594675, 49.2461740374338], [-123.002486858549, 49.2461823747013], [-123.00248540238, 49.2461419139879], [-123.002485137377, 49.2461400180601], [-123.002484417826, 49.2461381731516], [-123.002483258101, 49.2461364250039], [-123.002481691439, 49.2461348187722], [-123.00247975557, 49.2461333949202], [-123.002477498104, 49.2461321874609], [-123.002474977431, 49.2461312298207], [-123.002472255536, 49.2461305436975], [-123.002469403385, 49.2461301466844], [-123.002466491047, 49.2461300487506], [-123.002463590387, 49.2461302534147], [-123.002461085884, 49.2461307260773], [-123.002458726009, 49.2461314520776], [-123.002456573646, 49.2461324132364], [-123.002454681794, 49.2461335831643], [-123.002453096267, 49.2461349354718], [-123.002451859287, 49.2461364338003], [-123.002451000498, 49.2461380412048], [-123.002450545052, 49.2461397183944], [-123.002450499238, 49.2461414190411], [-123.002450867547, 49.246143105027], [-123.002455598075, 49.2462468730973], [-123.002455324988, 49.2462496621518], [-123.002455673534, 49.2462524482741], [-123.002456640121, 49.2462551710618], [-123.002458201393, 49.2462577730452], [-123.00246032501, 49.2462602008592], [-123.002464576737, 49.2462612904433], [-123.002469033279, 49.2462619384467], [-123.002473589534, 49.246262133141], [-123.002478137704, 49.246261866316], [-123.002481204553, 49.2462611989605], [-123.00248406928, 49.2462602213842], [-123.002486659123, 49.2462589582172], [-123.002488907606, 49.2462574422995], [-123.002490759034, 49.246255711749], [-123.002492163101, 49.2462538099612], [-123.002493085671, 49.2462517891283], [-123.002493503387, 49.2462496955782], [-123.002493406369, 49.2462475861945], [-123.002490495828, 49.2462109343915], [-123.002774413763, 49.2462054536251], [-123.002774051742, 49.2462052161213], [-123.002774970719, 49.2462055163731], [-123.002775804355, 49.2462059086942], [-123.002776532889, 49.2462063825289], [-123.002777135658, 49.2462069261487], [-123.002777599189, 49.2462075248928], [-123.002777910006, 49.246208164687], [-123.002778061821, 49.2462088285247], [-123.002778050143, 49.2462094993996], [-123.002779505414, 49.2462442470698], [-123.002779665314, 49.2462455594971], [-123.002780148608, 49.2462468379116], [-123.002780942719, 49.2462480477138], [-123.002782028782, 49.2462491566504], [-123.002783375356, 49.2462501359861], [-123.00278494651, 49.2462509610912], [-123.002786702716, 49.2462516079219], [-123.002788596365, 49.2462520612312], [-123.00279057715, 49.2462523063583], [-123.002792592969, 49.2462523386119], [-123.00280277717, 49.2463215963644], [-123.002798534427, 49.246321968746], [-123.002794428228, 49.2463227621827], [-123.002790559184, 49.2463239590817], [-123.002787017126, 49.2463255289487], [-123.002783887396, 49.2463274348387], [-123.002781244552, 49.2463296321832], [-123.002779147885, 49.2463320693765], [-123.002782421345, 49.2463675312288], [-123.002563985204, 49.2463718737221], [-123.002529659679, 49.2463725551504], [-123.002492325696, 49.2463732975672], [-123.002383834362, 49.2463754538597], [-123.002362903616, 49.246375870223], [-123.002359123506, 49.2463267932868], [-123.002351541725, 49.246326670137], [-123.002344103674, 49.2463257083956], [-123.002337020458, 49.2463239373839], [-123.00233442792, 49.2463231844107], [-123.002332069842, 49.2463221528843], [-123.00233001809, 49.2463208727125], [-123.002328332851, 49.2463193825996], [-123.002327061735, 49.2463177253547], [-123.002326245166, 49.246315951997], [-123.002325919976, 49.2463143352154], [-123.002325969383, 49.2463127043596]]], [[[-123.002400166633, 49.2467022128974], [-123.002387075484, 49.2466509096344], [-123.002383150744, 49.2466355248025], [-123.002352608025, 49.2465217144291], [-123.002329923767, 49.2465234285504], [-123.002322069797, 49.2464980105233], [-123.002349989436, 49.2464961538997], [-123.002353380576, 49.2464962694255], [-123.002356760038, 49.246496060658], [-123.002360056855, 49.2464955293563], [-123.002363197365, 49.2464946878354], [-123.002366115992, 49.2464935554474], [-123.002368747157, 49.2464921550628], [-123.002370182665, 49.2464883949009], [-123.002370738722, 49.2464845368056], [-123.002370403651, 49.2464806681544], [-123.00236918284, 49.2464768757381], [-123.002357411317, 49.2464359924526], [-123.002355999165, 49.2464310864092], [-123.00278096877, 49.2463951390411], [-123.002789332085, 49.2464317912938], [-123.002789840531, 49.2464337575816], [-123.002790842153, 49.2464356411832], [-123.002792309102, 49.2464373887339], [-123.002794204547, 49.246438952733], [-123.002796468302, 49.2464402903715], [-123.002799041975, 49.2464413635317], [-123.0028018546, 49.2464421423059], [-123.002804825329, 49.2464426049962], [-123.002807873312, 49.246442738115], [-123.002820236826, 49.2465105676543], [-123.002817908392, 49.2465111394192], [-123.002815749741, 49.2465119451678], [-123.002813813871, 49.2465129655482], [-123.002812152886, 49.246514174171], [-123.002810808108, 49.2465155399559], [-123.002809811877, 49.2465170283037], [-123.002809192039, 49.2465186010967], [-123.002808963867, 49.246520218458], [-123.002809133649, 49.2465218375784], [-123.002809695096, 49.246523419754], [-123.002815513484, 49.2465576910263], [-123.002530867015, 49.2465793564913], [-123.002521049327, 49.2465450840612], [-123.002521008903, 49.2465436109613], [-123.00252057861, 49.2465421642505], [-123.002519772821, 49.2465407879107], [-123.002518613096, 49.2465395235781], [-123.002517134469, 49.2465384099567], [-123.002515383653, 49.2465374798863], [-123.00251341185, 49.2465367621019], [-123.00251127925, 49.2465362771283], [-123.002509052326, 49.2465360407989], [-123.002505724068, 49.2465356432026], [-123.002502340115, 49.2465355898379], [-123.002498987602, 49.2465358836369], [-123.002495745582, 49.2465365146305], [-123.002492694005, 49.2465374693307], [-123.002490172434, 49.2465397264812], [-123.00248822309, 49.2465422123374], [-123.002486894482, 49.2465448670839], [-123.002486218949, 49.246547625041], [-123.002486213559, 49.2465504170107], [-123.002486877414, 49.2465531767268], [-123.002511602643, 49.2466493280493], [-123.002513056118, 49.246651151241], [-123.002514943478, 49.2466527967463], [-123.002517214419, 49.2466542199969], [-123.002519809652, 49.2466553834617], [-123.002522660006, 49.2466562572331], [-123.002525689125, 49.2466568166814], [-123.002528816161, 49.2466570477323], [-123.002531961163, 49.2466569439354], [-123.002535357693, 49.2466559933424], [-123.002538484728, 49.2466547061422], [-123.002541265014, 49.2466531163473], [-123.002543630278, 49.2466512626616], [-123.00254552213, 49.2466491890668], [-123.002546893858, 49.2466469483412], [-123.002547711325, 49.2466445961949], [-123.002547955666, 49.2466421877519], [-123.002539593249, 49.2466060118319], [-123.002823149164, 49.2465848231419], [-123.002837693787, 49.2466286143814], [-123.002839839862, 49.2466299484962], [-123.002842278788, 49.2466310474549], [-123.002844949479, 49.2466318860413], [-123.002847788155, 49.2466324419713], [-123.002850726545, 49.2466327017572], [-123.00285368829, 49.2466326601211], [-123.002874050403, 49.2466945395488], [-123.002871271914, 49.2466956226727], [-123.002868816818, 49.246697000181], [-123.002866760574, 49.2466986298513], [-123.002865160675, 49.2467004671154], [-123.002864066527, 49.2467024550902], [-123.002863508673, 49.2467045363062], [-123.002872962543, 49.2467447572981], [-123.002758544125, 49.2467559116435], [-123.002727148006, 49.2467589727693], [-123.002667587008, 49.2467647783523], [-123.002652537532, 49.2467662449949], [-123.002621999304, 49.2467692222617], [-123.002558503684, 49.2467754113637], [-123.002553052707, 49.2467759432488], [-123.002469041364, 49.2467824396352], [-123.002454533572, 49.246783561461], [-123.002447009283, 49.2467542139501], [-123.00243746648, 49.2467153493625], [-123.002410419105, 49.2467120648067], [-123.002407849025, 49.2467108919605], [-123.002405565507, 49.2467094880635], [-123.00240361796, 49.2467078824369], [-123.002402048603, 49.2467061085068], [-123.002400888878, 49.2467042061499], [-123.002400166633, 49.2467022128974]]], [[[-123.00260740707, 49.2471740180402], [-123.002591918318, 49.2471263229123], [-123.002587409674, 49.2471264055972], [-123.002582947742, 49.2471259927588], [-123.002578651998, 49.247125095539], [-123.002574579935, 49.2471237121784], [-123.00257093008, 49.2471218942819], [-123.002567808434, 49.2471196963862], [-123.002565305728, 49.2471171841703], [-123.0025416989, 49.2470656755054], [-123.002532384269, 49.2470453472896], [-123.002530620876, 49.2470415009662], [-123.0025058139, 49.2469806083316], [-123.002500952218, 49.2469686746847], [-123.002471374288, 49.2469077655405], [-123.002468012793, 49.2469008446019], [-123.00246696895, 49.2468970346253], [-123.002466847678, 49.2468931654199], [-123.002467650772, 49.2468893302267], [-123.002469362961, 49.2468856246322], [-123.002471937532, 49.2468821383589], [-123.002474403408, 49.2468791446791], [-123.002476128173, 49.2468759375419], [-123.002476636619, 49.2468744937729], [-123.002477228609, 49.246871181666], [-123.002477040861, 49.2468678490341], [-123.002476082359, 49.2468645738712], [-123.002475477793, 49.2468624170136], [-123.002461442515, 49.2468123588908], [-123.002523699357, 49.2468069403519], [-123.002576319972, 49.2468023609824], [-123.002663777253, 49.2467939382019], [-123.002667588804, 49.2467935711017], [-123.002758545024, 49.2467848122997], [-123.00288532426, 49.2467726035734], [-123.002892724581, 49.2467914224508], [-123.002926132926, 49.246816929463], [-123.002924458467, 49.2468170713771], [-123.002922771431, 49.2468171083217], [-123.002921317956, 49.2468171083217], [-123.00294319373, 49.246879424402], [-123.002939635503, 49.2468809748994], [-123.002936503078, 49.2468828754902], [-123.002933871913, 49.2468850786742], [-123.00293181477, 49.2468875275685], [-123.002930380161, 49.2468901582531], [-123.002929608508, 49.2468929056355], [-123.002929515083, 49.2468956975856], [-123.002930107971, 49.2468984637331], [-123.002941016214, 49.2469315460706], [-123.002662911277, 49.2469653479235], [-123.002650548662, 49.2469294103271], [-123.002648783472, 49.2469273179786], [-123.002646501751, 49.2469254519883], [-123.002643770873, 49.246923863375], [-123.002640666295, 49.2469225984657], [-123.002637281443, 49.2469216936187], [-123.002633709742, 49.2469211763957], [-123.002630056293, 49.2469210608709], [-123.002626425303, 49.2469213488034], [-123.002622920077, 49.2469220331563], [-123.002619443597, 49.2469231796086], [-123.002616312968, 49.2469246908144], [-123.002613614429, 49.2469265210331], [-123.002611424336, 49.2469286233508], [-123.002609804674, 49.2469309350205], [-123.002608803052, 49.2469333909495], [-123.002608444624, 49.2469359219403], [-123.002608742865, 49.2469384564494], [-123.002651281687, 49.2470369861245], [-123.00265302352, 49.2470385219565], [-123.002655116595, 49.2470398566467], [-123.002657508809, 49.2470409585284], [-123.002660137279, 49.2470417982807], [-123.002662935531, 49.2470423542061], [-123.002665836191, 49.2470426139898], [-123.002668762004, 49.247042569422], [-123.002671640206, 49.2470422216754], [-123.002674649563, 49.2470414669539], [-123.002677429848, 49.2470404014302], [-123.002679909199, 49.2470390538388], [-123.00268201485, 49.2470374611241], [-123.002683696496, 49.2470356649219], [-123.002684907425, 49.247033713905], [-123.002685613501, 49.2470316602646], [-123.002685797655, 49.2470295579513], [-123.0026854536, 49.247027465607], [-123.002673455701, 49.2469922417287], [-123.002953014113, 49.2469577256344], [-123.00296901221, 49.2469939012967], [-123.002973011509, 49.2469986606793], [-123.002976779942, 49.2470003278705], [-123.002980910396, 49.2470015822222], [-123.002985292378, 49.247002389722], [-123.002989817192, 49.2470027316047], [-123.002994364464, 49.2470025973146], [-123.002998823701, 49.2470019915431], [-123.003032359607, 49.2470671614909], [-123.003028448342, 49.2470681859647], [-123.00302483981, 49.2470696080305], [-123.003021631028, 49.2470713913302], [-123.003018901946, 49.2470734877776], [-123.003016725328, 49.2470758445948], [-123.003015157768, 49.2470783996214], [-123.003014241486, 49.2470810848328], [-123.003032420692, 49.2471182713898], [-123.002862436084, 49.2471403904963], [-123.00280087903, 49.2471484003795], [-123.002675942238, 49.2471646570547], [-123.002663177178, 49.2471663177897], [-123.002615559281, 49.2471725261937], [-123.00261545328, 49.2471725396814], [-123.00260740707, 49.2471740180402]]]]}},
{"type": "Feature", "properties": {"name": "LOT J", "type": "parking", "kinds": ["Service Vehicle (Contractor) Daily Parking", "Student and Daily Parking", "Student and Public"], "label": true, "source": "BCIT ArcGIS Bsite_ParkingBoundaries", "stalls": 80, "hours": "24hrs 7 days/week Mon-Sun 6am-6am", "staffOnly": "No"}, "geometry": {"type": "Polygon", "coordinates": [[[-123.002194803674, 49.2453915730073], [-123.002189858448, 49.2453920873141], [-123.002185109954, 49.2453931276565], [-123.002180692039, 49.2453946647125], [-123.002176721485, 49.2453966562585], [-123.002173306989, 49.2453990471692], [-123.002170543771, 49.2454017741091], [-123.002168508189, 49.2454047614276], [-123.002167254141, 49.2454079258504], [-123.002166800491, 49.2454498731994], [-123.002201963247, 49.245450100151], [-123.002241052538, 49.2454503523194], [-123.002277428019, 49.2454505863082], [-123.002315126718, 49.2454508290936], [-123.002350836547, 49.2454510595637], [-123.002346577634, 49.2459623066073], [-123.00171131332, 49.2459614252], [-123.001718753167, 49.2454076355633], [-123.001719537396, 49.2454054135474], [-123.001719763772, 49.2454031381654], [-123.001719430497, 49.2454008686478], [-123.001718542063, 49.2453986630518], [-123.001717126318, 49.2453965788486], [-123.001715212906, 49.2453946699905], [-123.001712856625, 49.2453929857383], [-123.00171011856, 49.245391571248], [-123.001829074369, 49.2453918662267], [-123.001821899525, 49.2453939486708], [-123.001815363383, 49.2453967887936], [-123.001809652792, 49.2454003068395], [-123.001804925857, 49.2454044001814], [-123.001801323613, 49.2454089550502], [-123.001800720843, 49.2454099549279], [-123.001799266471, 49.2454342305469], [-123.001798950264, 49.2454364162024], [-123.001799178436, 49.2454386083086], [-123.001799943801, 49.2454407464624], [-123.001801228392, 49.2454427767114], [-123.001802995378, 49.2454446451035], [-123.001805202538, 49.2454463029641], [-123.001807556124, 49.2454475972331], [-123.001810179205, 49.2454486487166], [-123.001813009797, 49.2454494351302], [-123.001815989508, 49.2454499388805], [-123.001837358632, 49.2454500127717], [-123.001870503771, 49.2454501294729], [-123.001903884269, 49.2454502455876], [-123.001937244105, 49.2454503622888], [-123.001970691977, 49.2454504795764], [-123.002004337477, 49.2454505968641], [-123.002037947944, 49.2454507141517], [-123.002071575478, 49.2454508314393], [-123.002087181011, 49.2454508859781], [-123.002084998105, 49.2454075698822], [-123.002085151717, 49.2454051478907], [-123.002084707949, 49.2454027399736], [-123.002083679378, 49.2454004082934], [-123.002082093852, 49.2453982150126], [-123.002079993591, 49.245396215843], [-123.002077428002, 49.2453944618047], [-123.002074465358, 49.2453929974671], [-123.002071182914, 49.2453918621216], [-123.002194803674, 49.2453915730073]]]}},
{"type": "Feature", "properties": {"name": "LOT K", "type": "parking", "kinds": ["Service Vehicle (Contractor) Daily Parking"], "label": true, "source": "BCIT ArcGIS Bsite_ParkingBoundaries", "stalls": 53, "hours": "24hrs 7 days/week Mon-Sun 6am-6am", "staffOnly": "No"}, "geometry": {"type": "MultiPolygon", "coordinates": [[[[-123.000400425182, 49.2453896958166], [-123.000392334056, 49.2453895005325], [-123.00039638995, 49.2453894284005], [-123.000400425182, 49.2453896958166]]], [[[-123.001315936916, 49.2453907109422], [-123.00130959481, 49.245390683966], [-123.001311704054, 49.2453904974785], [-123.001313832163, 49.2453905068615], [-123.001315936916, 49.2453907109422]]], [[[-123.000400425182, 49.2453896958166], [-123.000540371923, 49.2453930695991], [-123.00053524973, 49.2453946711633], [-123.000530368284, 49.245396565947], [-123.000521782187, 49.2454009841762], [-123.000514487867, 49.2454062996562], [-123.000509628879, 49.2454112063879], [-123.000505872125, 49.2454165113108], [-123.000503293062, 49.2454221059338], [-123.00050329396, 49.2454506660638], [-123.000524237283, 49.2454506660638], [-123.000557681561, 49.2454506660638], [-123.000591489656, 49.2454506654773], [-123.00062529865, 49.2454506654773], [-123.000658379111, 49.2454506654773], [-123.000692005747, 49.2454506648909], [-123.000725267667, 49.2454506648909], [-123.000758348127, 49.2454506648909], [-123.000791066566, 49.2454506643045], [-123.000825055223, 49.2454506643045], [-123.00085831894, 49.245450663718], [-123.000892853773, 49.245450663718], [-123.000925934233, 49.2454506631316], [-123.000958471213, 49.2454506631316], [-123.00099227841, 49.2454506631316], [-123.001026085608, 49.2454506625451], [-123.001059349324, 49.2454506625451], [-123.001093521238, 49.2454506619587], [-123.001126964617, 49.2454506613723], [-123.001159864516, 49.2454506613723], [-123.001192763517, 49.2454506607858], [-123.001226025437, 49.2454506607858], [-123.001234479482, 49.2454506607858], [-123.001235932956, 49.2454506607858], [-123.001259107694, 49.2454506601994], [-123.001293642527, 49.2454506596129], [-123.001329226592, 49.2454506596129], [-123.00132883313, 49.2454372753345], [-123.001328779231, 49.2454354421285], [-123.001327771321, 49.2454011554163], [-123.001327779406, 49.2453997039805], [-123.001327464996, 49.2453982683786], [-123.001326832582, 49.2453968791052], [-123.001325895639, 49.2453955625502], [-123.001324677523, 49.2453943492084], [-123.001323199795, 49.2453932666425], [-123.001321605285, 49.2453923863979], [-123.001319840994, 49.2453916592138], [-123.00131793926, 49.2453910968189], [-123.001315936916, 49.2453907109422], [-123.001447925482, 49.2453912768557], [-123.001440479347, 49.2453930203382], [-123.001433576692, 49.2453955420249], [-123.001427405266, 49.2453987703701], [-123.001422133053, 49.2454026191672], [-123.001417904683, 49.24540698403], [-123.001414836937, 49.2454117435656], [-123.001413012458, 49.245416766998], [-123.001412482452, 49.2454219194464], [-123.001410669652, 49.2456066665609], [-123.001374936467, 49.245606688259], [-123.001342437216, 49.2456067087843], [-123.00130884831, 49.245606729896], [-123.001275257606, 49.2456067510077], [-123.001241885193, 49.2456067715329], [-123.001208296287, 49.2456067920582], [-123.001188366264, 49.2456068049598], [-123.001173397636, 49.2456068137564], [-123.001167645723, 49.245606817275], [-123.001139805136, 49.2456068360409], [-123.001136382555, 49.2456068378002], [-123.00112061263, 49.2456068465968], [-123.001108179048, 49.2456068542205], [-123.001073934371, 49.2456068759186], [-123.001039688796, 49.2456068970303], [-123.001009806338, 49.2456069152098], [-123.00097621833, 49.2456069363215], [-123.000944809634, 49.2456069562603], [-123.000907948165, 49.2456069791314], [-123.000875666307, 49.2456069990702], [-123.000840113683, 49.2456070207683], [-123.000808704987, 49.2456070401208], [-123.000772932276, 49.2456070629918], [-123.00073977995, 49.2456070829306], [-123.000706188348, 49.2456071034558], [-123.0006736882, 49.2456071239811], [-123.000638791346, 49.2456071456793], [-123.000606510386, 49.2456071656181], [-123.000572920581, 49.2456071861434], [-123.00053954727, 49.2456072060822], [-123.000506176654, 49.2456072271939], [-123.000472368558, 49.2456072477191], [-123.000437321686, 49.2456072694173], [-123.000433825442, 49.245541698179], [-123.000432568699, 49.2455181151953], [-123.000426869787, 49.2454112175302], [-123.000426788939, 49.2454083340117], [-123.000426096338, 49.24540548392], [-123.000424806357, 49.2454027253126], [-123.000422411448, 49.2453995016592], [-123.000419199971, 49.2453965952689], [-123.000415268944, 49.2453940935211], [-123.000410737841, 49.2453920720667], [-123.000405739615, 49.2453905918952], [-123.000400425182, 49.2453896958166]]]]}},
{"type": "Feature", "properties": {"name": "LOT L", "type": "parking", "kinds": ["Economy Lot"], "label": true, "source": "BCIT ArcGIS Bsite_ParkingBoundaries", "stalls": 221, "hours": "24hrs 7 days/week Mon-Sun 6am-6am", "staffOnly": "No"}, "geometry": {"type": "MultiPolygon", "coordinates": [[[[-123.000720410476, 49.2452651120102], [-123.000717770327, 49.2452648287596], [-123.000711161422, 49.2452648287596], [-123.000668168951, 49.245264829346], [-123.000652093599, 49.245264829346], [-123.00065208731, 49.2447917814608], [-123.000610091969, 49.2447917820472], [-123.000610097359, 49.2452636816823], [-123.000519645993, 49.2452636822687], [-123.000468632465, 49.2452636822687], [-123.000468627973, 49.2448117651879], [-123.000470066176, 49.2447831442845], [-123.000474054696, 49.244754626579], [-123.000478484289, 49.2447337854438], [-123.000486119968, 49.244713344843], [-123.000496886277, 49.2446935129658], [-123.000516557585, 49.2446720396146], [-123.000516589925, 49.244672012638], [-123.000533886985, 49.2446577279515], [-123.000554351506, 49.244644250213], [-123.000577036662, 49.2446323846158], [-123.000872690188, 49.2444926591213], [-123.001155668486, 49.2443589214836], [-123.001165946111, 49.2443554450016], [-123.001176964846, 49.2443531326248], [-123.001188419264, 49.2443520476902], [-123.001199990463, 49.2443522212797], [-123.001511962785, 49.244352217761], [-123.001511964582, 49.2444615725978], [-123.001511988836, 49.2452120461719], [-123.001511994226, 49.2452635403502], [-123.001457463794, 49.2452637098314], [-123.001361752792, 49.2452640071567], [-123.001287763952, 49.2452642376277], [-123.001261944574, 49.2452643197294], [-123.001259507444, 49.2452643238344], [-123.001259505648, 49.2452170790077], [-123.001259487681, 49.2444929488273], [-123.001209359892, 49.2444929488273], [-123.001209369773, 49.244902121724], [-123.001209377858, 49.245258169143], [-123.001208996074, 49.245259383661], [-123.001208298083, 49.2452605360163], [-123.001207305445, 49.245261591609], [-123.001206045109, 49.245262519944], [-123.001204560193, 49.2452632916995], [-123.001202890225, 49.2452638828313], [-123.001201089103, 49.2452642769192], [-123.001199212522, 49.2452644616479], [-123.001197961169, 49.2452644639937], [-123.001147938483, 49.2452644153191], [-123.001146384397, 49.2452642786785], [-123.001144813244, 49.2452642769192], [-123.00114325826, 49.2452644100412], [-123.001030674202, 49.2452642986175], [-123.001030649049, 49.2452642253124], [-123.000957237826, 49.2452642258989], [-123.000957230639, 49.2449021240697], [-123.00095722525, 49.2446327769494], [-123.00094905058, 49.2446327769494], [-123.000911603409, 49.2446327775358], [-123.000909655862, 49.2446327775358], [-123.000909661252, 49.2446334754087], [-123.000914362136, 49.2452659166063], [-123.000720410476, 49.2452651120102]]], [[[-123.000400425182, 49.2453896958166], [-123.000392334056, 49.2453895005325], [-123.00039638995, 49.2453894284005], [-123.000400425182, 49.2453896958166]]], [[[-123.001315936916, 49.2453907109422], [-123.00130959481, 49.245390683966], [-123.001311704054, 49.2453904974785], [-123.001313832163, 49.2453905068615], [-123.001315936916, 49.2453907109422]]], [[[-123.000400425182, 49.2453896958166], [-123.000540371923, 49.2453930695991], [-123.00053524973, 49.2453946711633], [-123.000530368284, 49.245396565947], [-123.000521782187, 49.2454009841762], [-123.000514487867, 49.2454062996562], [-123.000509628879, 49.2454112063879], [-123.000505872125, 49.2454165113108], [-123.000503293062, 49.2454221059338], [-123.00050329396, 49.2454506660638], [-123.000524237283, 49.2454506660638], [-123.000557681561, 49.2454506660638], [-123.000591489656, 49.2454506654773], [-123.00062529865, 49.2454506654773], [-123.000658379111, 49.2454506654773], [-123.000692005747, 49.2454506648909], [-123.000725267667, 49.2454506648909], [-123.000758348127, 49.2454506648909], [-123.000791066566, 49.2454506643045], [-123.000825055223, 49.2454506643045], [-123.00085831894, 49.245450663718], [-123.000892853773, 49.245450663718], [-123.000925934233, 49.2454506631316], [-123.000958471213, 49.2454506631316], [-123.00099227841, 49.2454506631316], [-123.001026085608, 49.2454506625451], [-123.001059349324, 49.2454506625451], [-123.001093521238, 49.2454506619587], [-123.001126964617, 49.2454506613723], [-123.001159864516, 49.2454506613723], [-123.001192763517, 49.2454506607858], [-123.001226025437, 49.2454506607858], [-123.001234479482, 49.2454506607858], [-123.001235932956, 49.2454506607858], [-123.001259107694, 49.2454506601994], [-123.001293642527, 49.2454506596129], [-123.001329226592, 49.2454506596129], [-123.00132883313, 49.2454372753345], [-123.001328779231, 49.2454354421285], [-123.001327771321, 49.2454011554163], [-123.001327779406, 49.2453997039805], [-123.001327464996, 49.2453982683786], [-123.001326832582, 49.2453968791052], [-123.001325895639, 49.2453955625502], [-123.001324677523, 49.2453943492084], [-123.001323199795, 49.2453932666425], [-123.001321605285, 49.2453923863979], [-123.001319840994, 49.2453916592138], [-123.00131793926, 49.2453910968189], [-123.001315936916, 49.2453907109422], [-123.001447925482, 49.2453912768557], [-123.001440479347, 49.2453930203382], [-123.001433576692, 49.2453955420249], [-123.001427405266, 49.2453987703701], [-123.001422133053, 49.2454026191672], [-123.001417904683, 49.24540698403], [-123.001414836937, 49.2454117435656], [-123.001413012458, 49.245416766998], [-123.001412482452, 49.2454219194464], [-123.001410669652, 49.2456066665609], [-123.001374936467, 49.245606688259], [-123.001342437216, 49.2456067087843], [-123.00130884831, 49.245606729896], [-123.001275257606, 49.2456067510077], [-123.001241885193, 49.2456067715329], [-123.001208296287, 49.2456067920582], [-123.001188366264, 49.2456068049598], [-123.001173397636, 49.2456068137564], [-123.001167645723, 49.245606817275], [-123.001139805136, 49.2456068360409], [-123.001136382555, 49.2456068378002], [-123.00112061263, 49.2456068465968], [-123.001108179048, 49.2456068542205], [-123.001073934371, 49.2456068759186], [-123.001039688796, 49.2456068970303], [-123.001009806338, 49.2456069152098], [-123.00097621833, 49.2456069363215], [-123.000944809634, 49.2456069562603], [-123.000907948165, 49.2456069791314], [-123.000875666307, 49.2456069990702], [-123.000840113683, 49.2456070207683], [-123.000808704987, 49.2456070401208], [-123.000772932276, 49.2456070629918], [-123.00073977995, 49.2456070829306], [-123.000706188348, 49.2456071034558], [-123.0006736882, 49.2456071239811], [-123.000638791346, 49.2456071456793], [-123.000606510386, 49.2456071656181], [-123.000572920581, 49.2456071861434], [-123.00053954727, 49.2456072060822], [-123.000506176654, 49.2456072271939], [-123.000472368558, 49.2456072477191], [-123.000437321686, 49.2456072694173], [-123.000433825442, 49.245541698179], [-123.000432568699, 49.2455181151953], [-123.000426869787, 49.2454112175302], [-123.000426788939, 49.2454083340117], [-123.000426096338, 49.24540548392], [-123.000424806357, 49.2454027253126], [-123.000422411448, 49.2453995016592], [-123.000419199971, 49.2453965952689], [-123.000415268944, 49.2453940935211], [-123.000410737841, 49.2453920720667], [-123.000405739615, 49.2453905918952], [-123.000400425182, 49.2453896958166]]]]}},
{"type": "Feature", "properties": {"name": "LOT M", "type": "parking", "kinds": ["Service Vehicle (Contractor) Daily Parking", "Student and Daily Parking", "Student and Public"], "label": true, "source": "BCIT ArcGIS Bsite_ParkingBoundaries", "hours": "24hrs 7 days/week Mon-Sun 6am-6am", "staffOnly": "No"}, "geometry": {"type": "Polygon", "coordinates": [[[-123.002097322991, 49.2453081156586], [-123.001981901155, 49.2452945255011], [-123.001972414047, 49.2452867839067], [-123.001970762045, 49.2443620631018], [-123.00198991772, 49.2443245495749], [-123.002001919213, 49.2443010463537], [-123.002007434868, 49.2442902427384], [-123.002022875111, 49.2442805821157], [-123.0020650052, 49.2442806061602], [-123.002124368569, 49.2442806401744], [-123.002195335476, 49.2442806812261], [-123.002288244633, 49.2442807345932], [-123.002348887203, 49.2442807691939], [-123.002361266886, 49.2442807762313], [-123.002359396593, 49.2444027709964], [-123.002360449419, 49.2453052127816], [-123.002097322991, 49.2453081156586]]]}},
{"type": "Feature", "properties": {"name": "LOT N", "type": "parking", "kinds": ["Service Vehicle (Contractor) Daily Parking", "Student and Daily Parking", "Student and Public"], "label": true, "source": "BCIT ArcGIS Bsite_ParkingBoundaries", "stalls": 523, "hours": "24hrs 7 days/week Mon-Sun 6am-6am", "staffOnly": "No"}, "geometry": {"type": "Polygon", "coordinates": [[[-123.003568899072, 49.2478344518156], [-123.003565286048, 49.2478344049028], [-123.003561717041, 49.2478347649584], [-123.00353810123, 49.2478377157724], [-123.003514092856, 49.2478385742762], [-123.003510369339, 49.2478388152906], [-123.003506634144, 49.2478386675154], [-123.003502981594, 49.2478381356417], [-123.003499505114, 49.2478372308115], [-123.003496290942, 49.2478359776538], [-123.003493425316, 49.2478344072485], [-123.003490976509, 49.247832560644], [-123.003489007402, 49.2478304824077], [-123.003457738843, 49.2477797901838], [-123.003401384831, 49.2476948262759], [-123.003298854717, 49.2475494118573], [-123.003039554214, 49.2471726182613], [-123.003069913677, 49.2471646083821], [-123.003098010285, 49.247157194302], [-123.00319448216, 49.2471285565791], [-123.003094134952, 49.2469486320156], [-123.0030493728, 49.2468438749541], [-123.003010200864, 49.2467381676655], [-123.002976667653, 49.2466316368111], [-123.002948809997, 49.2465244108129], [-123.002926663831, 49.2464166192665], [-123.002910256102, 49.2463083905961], [-123.002899605676, 49.2461998555723], [-123.002894725129, 49.2460911443809], [-123.002895620749, 49.2459823877948], [-123.002800886216, 49.2459821274191], [-123.002799555811, 49.2459808941531], [-123.002797952318, 49.2459798086678], [-123.002796112569, 49.2459788944206], [-123.002794082376, 49.2459781760416], [-123.002791907555, 49.2459776687781], [-123.002789637512, 49.2459773831858], [-123.002787076415, 49.2459773386169], [-123.002406844708, 49.2459764349255], [-123.002390463929, 49.2459763956345], [-123.002388619688, 49.2457781478441], [-123.002388519077, 49.245767402609], [-123.002385807063, 49.2454758084178], [-123.002385180937, 49.2454085199127], [-123.002385226751, 49.2454067365529], [-123.002384820713, 49.245404973132], [-123.0023839745, 49.2454032771514], [-123.002382711468, 49.2454016961127], [-123.002381067551, 49.2454002722396], [-123.002379084071, 49.2453990448234], [-123.002376820317, 49.2453980472912], [-123.002378270197, 49.2453299798884], [-123.002382378193, 49.2453279818889], [-123.002385960675, 49.2453255915612], [-123.002388932302, 49.2453228669628], [-123.002391218514, 49.2453198743614], [-123.002392765413, 49.2453166864754], [-123.002393535269, 49.2453133807147], [-123.002393509218, 49.2453100362489], [-123.002392689056, 49.2453067345929], [-123.002389571902, 49.2450218102323], [-123.00238860801, 49.2449338483672], [-123.002387783356, 49.2448584145742], [-123.002387212926, 49.244806341738], [-123.002387447386, 49.2447451267335], [-123.00238808519, 49.244578947462], [-123.002388598128, 49.2444452470044], [-123.002388731079, 49.2444105397061], [-123.00238899159, 49.244342424026], [-123.002389006862, 49.2443386724972], [-123.002403541603, 49.2441905176689], [-123.002403917099, 49.2441742254137], [-123.002406893217, 49.2440454078559], [-123.002412540926, 49.2438009259798], [-123.002415331093, 49.2436801079242], [-123.002415175684, 49.2436574688374], [-123.002413958467, 49.2434798915464], [-123.002487112772, 49.243443891594], [-123.002493083874, 49.243422384271], [-123.002495667429, 49.2434005913314], [-123.00249483469, 49.2433787403224], [-123.002486574681, 49.2433534778486], [-123.002476011392, 49.2433285836607], [-123.002465059132, 49.2433074498648], [-123.002864521074, 49.2433081524481], [-123.002878478199, 49.2433421421039], [-123.002887298757, 49.2433768583635], [-123.002890901001, 49.2434119698744], [-123.002889248101, 49.2434471429388], [-123.002888536635, 49.2437103709651], [-123.002888729773, 49.2437380740964], [-123.002890188637, 49.2439480896936], [-123.002891649297, 49.2441584468863], [-123.002892812616, 49.2443260432667], [-123.002892733564, 49.2443345503308], [-123.002894735909, 49.2443429559373], [-123.002898768446, 49.2443510442723], [-123.002904729666, 49.2443586094916], [-123.002912465059, 49.2443654551344], [-123.002921775199, 49.2443714070251], [-123.002932422032, 49.2443763121003], [-123.00294413247, 49.2443800436869], [-123.002956604679, 49.2443825067803], [-123.002969519758, 49.2443836368709], [-123.002972150025, 49.2444782776188], [-123.0029721635, 49.2447153241011], [-123.002974199981, 49.2449616921451], [-123.002974858446, 49.2450414079869], [-123.002975009363, 49.2450597179055], [-123.002975459419, 49.2451140922598], [-123.002976329886, 49.2451958615725], [-123.002978749049, 49.2454232535938], [-123.00297838074, 49.2455067101614], [-123.002978210958, 49.2455449904362], [-123.002976881452, 49.2455813729728], [-123.002973855926, 49.2456642275903], [-123.002974946481, 49.2457243313341], [-123.00297604512, 49.2457848935963], [-123.002978776897, 49.2458855672265], [-123.002977535425, 49.2459826123982], [-123.002976606567, 49.2460551416408], [-123.002975522301, 49.2461693811833], [-123.002982073714, 49.2463032558331], [-123.002989712987, 49.2463678725294], [-123.003001711784, 49.2464178519353], [-123.003033892133, 49.2465363750613], [-123.003045754386, 49.2465815256761], [-123.003069345942, 49.2466713195255], [-123.003144066011, 49.2468873023828], [-123.003149517886, 49.2468926569929], [-123.003218237209, 49.2470411661208], [-123.003282591618, 49.2471714694691], [-123.003331322527, 49.2472494213204], [-123.003377293811, 49.2473280837846], [-123.003424278396, 49.2473896767567], [-123.003512136325, 49.2475212464248], [-123.003658896788, 49.2477380154597], [-123.003627268904, 49.2477480120058], [-123.003673180001, 49.2478162215049], [-123.003585711941, 49.2478423806617], [-123.003583940463, 49.2478403252957], [-123.00358165425, 49.2478384998022], [-123.003578917982, 49.247836958131], [-123.003575818794, 49.2478357477812], [-123.003572444722, 49.2478349039375], [-123.003568899072, 49.2478344518156]], [[-123.002719400935, 49.2454544679418], [-123.002718340923, 49.2453882314789], [-123.002693950765, 49.2453884238308], [-123.002645782201, 49.2453893169772], [-123.002642613843, 49.2456151194522], [-123.002643222901, 49.2456713469175], [-123.002647781851, 49.2459242207652], [-123.002719578801, 49.2459254088773], [-123.002722290815, 49.2456737249132], [-123.002719863567, 49.2456154150159], [-123.002719400935, 49.2454544679418]], [[-123.002717562982, 49.2450715869187], [-123.002712981574, 49.24440637884], [-123.002634370902, 49.2444066779298], [-123.002637586871, 49.2450751577675], [-123.002639862303, 49.2451337656288], [-123.002646688601, 49.245326545112], [-123.002719847398, 49.2453256507916], [-123.002717565677, 49.2451319793268], [-123.002717562982, 49.2450715869187]]]}},
{"type": "Feature", "properties": {"name": "LOT Q", "type": "parking", "kinds": ["Service Vehicle (Contractor) Daily Parking", "Student and Daily Parking", "Student and Public"], "label": true, "source": "BCIT ArcGIS Bsite_ParkingBoundaries", "stalls": 242, "hours": "24hrs 7 days/week Mon-Sun 6am-6am", "staffOnly": "No"}, "geometry": {"type": "Polygon", "coordinates": [[[-123.003668268912, 49.2544506143094], [-123.003603950436, 49.2544503926762], [-123.003572078209, 49.2544503932626], [-123.003566545486, 49.2544503938489], [-123.003531741158, 49.2544503950215], [-123.003363106718, 49.2544498286256], [-123.003137751753, 49.2544488347942], [-123.002979151494, 49.2544489819633], [-123.002888180902, 49.254448413222], [-123.002825611446, 49.2544483516573], [-123.002784951001, 49.2544483123731], [-123.002745507774, 49.2544482736752], [-123.002677287915, 49.2544479406391], [-123.002677277135, 49.2544497277767], [-123.00248241099, 49.2544479939952], [-123.002403220006, 49.2544485668408], [-123.002286725582, 49.2544474270129], [-123.002154741507, 49.2544472868797], [-123.002155034358, 49.2543908354622], [-123.002157568505, 49.2543297578158], [-123.002215455044, 49.2543297566432], [-123.002218604537, 49.2543294218472], [-123.00222163186, 49.254328758705], [-123.002224453468, 49.2543277853928], [-123.002226998395, 49.2543265282956], [-123.002229198369, 49.2543250196616], [-123.002230995898, 49.2543232976025], [-123.002232344269, 49.2543214090247], [-123.002233205754, 49.2543194025941], [-123.002233561487, 49.2543173328394], [-123.002233560588, 49.2543097644553], [-123.00223300543, 49.2543074947607], [-123.002231858281, 49.2543053218109], [-123.002230154177, 49.254303310689], [-123.002227941626, 49.2543015223734], [-123.002225290698, 49.254300009048], [-123.002222277748, 49.2542988176194], [-123.002218996203, 49.2542979838538], [-123.002215544875, 49.2542975323774], [-123.002173088698, 49.2542975341364], [-123.002173684281, 49.2540543654044], [-123.002176330718, 49.2538609902715], [-123.002237743144, 49.2538616686648], [-123.002253739445, 49.2538528624506], [-123.0021998019, 49.253810355251], [-123.002204871093, 49.2538078867646], [-123.002241101047, 49.2537931473768], [-123.002265330407, 49.2537832904308], [-123.002545049616, 49.2537832851537], [-123.002681356384, 49.2537850438779], [-123.003167875857, 49.2537912646422], [-123.003247725306, 49.2537918503949], [-123.003820947476, 49.2537960556182], [-123.003821111867, 49.2538193825224], [-123.003948731028, 49.2538202116053], [-123.003949466749, 49.2539727684871], [-123.00394965809, 49.2540290550359], [-123.003950022806, 49.2540564246161], [-123.003950027297, 49.2540985815616], [-123.003950028196, 49.2541119476611], [-123.003950029094, 49.2541188928013], [-123.003950039874, 49.254248785799], [-123.0039541317, 49.254248785799], [-123.003954133496, 49.2542652371443], [-123.003953983478, 49.2542652371443], [-123.003951021732, 49.254265326267], [-123.003948126462, 49.2542657402184], [-123.003945378516, 49.2542664649264], [-123.003942856945, 49.2542674828012], [-123.003940631818, 49.2542687615943], [-123.003939471194, 49.25426963699], [-123.00393844981, 49.2542705845046], [-123.003938457895, 49.2543683642867], [-123.003876395987, 49.2543685994059], [-123.003876467852, 49.2544123168997], [-123.003876472343, 49.2544492252908], [-123.003866340245, 49.2544492252908], [-123.003866340245, 49.254450445446], [-123.003706201173, 49.254450450723], [-123.003692870174, 49.254450450723], [-123.003692809089, 49.2544506993274], [-123.003668268912, 49.2544506143094]]]}},
{"type": "Feature", "properties": {"name": "LOT R", "type": "parking", "kinds": ["Student and Daily Parking", "Student and Public"], "label": true, "source": "BCIT ArcGIS Bsite_ParkingBoundaries", "stalls": 242, "hours": "24hrs 7 days/week Mon-Sun 6am-6am", "staffOnly": "No"}, "geometry": {"type": "Polygon", "coordinates": [[[-123.000110557704, 49.2536545636124], [-123.000366095165, 49.2536546228328], [-123.00036899313, 49.2538885159107], [-123.000370002836, 49.2541024677923], [-123.000274373581, 49.2541028225252], [-123.000274751772, 49.2541479785336], [-123.000273498622, 49.2541623021042], [-123.000264711302, 49.2541700106449], [-123.000244955552, 49.2541704849895], [-123.000244960942, 49.254190823171], [-123.000150062916, 49.254190823171], [-123.000150163527, 49.2542037664987], [-123.00010987768, 49.2542042766093], [-123.00010987768, 49.2541706866886], [-123.000083175258, 49.2541706866886], [-123.000058325162, 49.2541706866886], [-123.000058325162, 49.2540308574334], [-123.000058325162, 49.2539770551958], [-123.00010987768, 49.2539768341468], [-123.000110557704, 49.2536545636124]]]}},
{"type": "Feature", "properties": {"name": "LOT S", "type": "parking", "kinds": ["Economy Lot", "Service Vehicle (Contractor) Daily Parking"], "label": true, "source": "BCIT ArcGIS Bsite_ParkingBoundaries", "stalls": 221, "hours": "24hrs 7 days/week Mon-Sun 6am-6am", "staffOnly": "No"}, "geometry": {"type": "MultiPolygon", "coordinates": [[[[-123.003887721047, 49.2466002642863], [-123.003838087331, 49.2464631779999], [-123.003904612968, 49.2464488955909], [-123.003907033928, 49.2464473216228], [-123.003909073103, 49.2464455300906], [-123.003910684681, 49.2464435638032], [-123.003911834525, 49.2464414626377], [-123.003912497481, 49.2464392740946], [-123.00391265828, 49.2464370456744], [-123.003912395972, 49.2464351427208], [-123.003911768049, 49.2464332761255], [-123.003910351406, 49.2464308582893], [-123.003908320315, 49.2464286345601], [-123.003905736761, 49.2464266700314], [-123.003903390361, 49.2464253576089], [-123.00390079423, 49.246424263337], [-123.003820634862, 49.246428192981], [-123.003804262168, 49.2462432677339], [-123.003865335031, 49.246240767202], [-123.003868374929, 49.2462405062412], [-123.003871313319, 49.2462399391646], [-123.003874083723, 49.2462390812194], [-123.003876612481, 49.2462379499983], [-123.003878842998, 49.246236577755], [-123.003879260714, 49.2462362663613], [-123.00388103848, 49.2462346648244], [-123.003882420089, 49.2462329049516], [-123.0038833741, 49.2462310283794], [-123.003883876258, 49.2462290773306], [-123.003883915784, 49.2462270998925], [-123.003883491779, 49.2462251418064], [-123.00388261143, 49.2462232494004], [-123.003881300788, 49.2462214666564], [-123.003880727663, 49.2462208620481], [-123.003864242679, 49.2462150634384], [-123.003805895305, 49.2462154223329], [-123.003807513171, 49.2461908527105], [-123.003808941492, 49.246169146025], [-123.003810633918, 49.2461434404649], [-123.003812172732, 49.2461200653648], [-123.003813813954, 49.246095128003], [-123.00381515424, 49.2460747642018], [-123.003867502665, 49.2460740487563], [-123.003870867754, 49.2460739496496], [-123.003874163673, 49.2460734957522], [-123.003877303285, 49.2460726999657], [-123.003880203945, 49.2460715822288], [-123.003882788398, 49.2460701718629], [-123.003884987474, 49.246068506986], [-123.003886746375, 49.2460666309939], [-123.003888013898, 49.2460645937334], [-123.003888635532, 49.2460629646286], [-123.003888979587, 49.2460606769619], [-123.003888852026, 49.246059531076], [-123.003939943708, 49.2460574474871], [-123.003940489884, 49.2460941650843], [-123.003941203146, 49.2461200595005], [-123.003942588348, 49.2461548740867], [-123.003944517031, 49.246190566533], [-123.003946902957, 49.2462254772437], [-123.003949155931, 49.246253281589], [-123.00395180686, 49.246281936826], [-123.003956478099, 49.2463255219116], [-123.003960551959, 49.246358697875], [-123.00396640089, 49.2464010121059], [-123.0039724744, 49.2464402241053], [-123.003979464191, 49.2464810217691], [-123.003985897027, 49.2465154543378], [-123.003993593792, 49.2465535860515], [-123.004001824157, 49.2465913805416], [-123.003957309041, 49.2465946164322], [-123.003955808854, 49.2465945284685], [-123.003952158999, 49.2465948351685], [-123.003950429743, 49.2465952638448], [-123.003906426667, 49.2465987724225], [-123.003887721047, 49.2466002642863]]], [[[-123.004957529211, 49.2471778432422], [-123.00495434648, 49.247177489046], [-123.004951118833, 49.2471774908053], [-123.004947278535, 49.2471778919149], [-123.00494358107, 49.2471786818194], [-123.004940121657, 49.2471798405805], [-123.004936791603, 49.2471814491238], [-123.004933916994, 49.2471833989621], [-123.004931580476, 49.2471856320399], [-123.004929846727, 49.2471880891292], [-123.004928762461, 49.2471907004461], [-123.004927103272, 49.247209839348], [-123.004926039667, 49.2472221159906], [-123.004871530794, 49.2472177020292], [-123.004817626487, 49.247210816319], [-123.004764589054, 49.2472014922848], [-123.004712658346, 49.2471897727337], [-123.004662104755, 49.2471757174784], [-123.004531790648, 49.2471315144723], [-123.004498507169, 49.2471203895327], [-123.004495317251, 49.2471188894747], [-123.004491842568, 49.2471176920086], [-123.004488146, 49.2471168200045], [-123.004497402241, 49.2471105283221], [-123.004505706267, 49.2471036924426], [-123.004512691567, 49.2470967029204], [-123.004518681533, 49.2470893298795], [-123.004520347908, 49.2470882045421], [-123.004521721432, 49.2470869220445], [-123.004522767071, 49.2470855134669], [-123.004523459672, 49.2470840157535], [-123.004523779473, 49.2470824635033], [-123.00452372198, 49.2470808995245], [-123.00452364203, 49.2470804849264], [-123.004523068905, 49.2470788775527], [-123.004522093335, 49.2470773552096], [-123.004520742269, 49.2470759601193], [-123.004519055233, 49.2470747327447], [-123.004517074447, 49.247073705339], [-123.004514862795, 49.2470729078094], [-123.004512077119, 49.2470719056196], [-123.004509095611, 49.2470711872565], [-123.00450598205, 49.2470707673806], [-123.004503049949, 49.2470705234304], [-123.004500096288, 49.2470706037697], [-123.00449720551, 49.2470710048802], [-123.004494457563, 49.2470717156199], [-123.004491930603, 49.2470727166368], [-123.004489695594, 49.2470739797829], [-123.00448781542, 49.2470754687003], [-123.004453245553, 49.2471025413031], [-123.004244896594, 49.2469694323394], [-123.004090049497, 49.2468733613936], [-123.004125492527, 49.2468476562001], [-123.004127235258, 49.2468470867849], [-123.004128832463, 49.2468463584493], [-123.004130251801, 49.2468454858541], [-123.00413146273, 49.2468444883511], [-123.004132439199, 49.2468433870514], [-123.004133759722, 49.2468389243832], [-123.004204681714, 49.2467853213142], [-123.004285257002, 49.246836337091], [-123.004323765981, 49.2468617314871], [-123.004339296056, 49.246872227255], [-123.004381177311, 49.2468989997218], [-123.004383400641, 49.2469001784277], [-123.00438588628, 49.2469011079048], [-123.004388568649, 49.2469017641098], [-123.004391378579, 49.2469021300364], [-123.004394240612, 49.2469021951291], [-123.004397081983, 49.2469019588015], [-123.004399827235, 49.2469014269178], [-123.004402542842, 49.2469006944781], [-123.004405050938, 49.2468996958034], [-123.004407014655, 49.2468986079926], [-123.004451038392, 49.2469266142739], [-123.004593092582, 49.2468282028358], [-123.00462368381, 49.246851130161], [-123.004641592624, 49.2468628404098], [-123.004671758949, 49.2468802594657], [-123.004700142119, 49.2468944156694], [-123.004739692246, 49.2469111140031], [-123.00479978864, 49.2469308441253], [-123.004827015678, 49.2469378342573], [-123.004871877544, 49.2469469783103], [-123.004909963417, 49.2469525721735], [-123.004952548951, 49.2469565961891], [-123.005005084225, 49.246958426993], [-123.005057941097, 49.2469568237201], [-123.005097124711, 49.2469533802606], [-123.005135007565, 49.2469481669843], [-123.005170965329, 49.2469414237367], [-123.005160035527, 49.2469039502867], [-123.005164693292, 49.2469036717368], [-123.005169215411, 49.2469028912106], [-123.005173473425, 49.2469016280602], [-123.005177350554, 49.2468999174704], [-123.005180734508, 49.2468978092873], [-123.005183531862, 49.2468953621528], [-123.005185663564, 49.2468926446781], [-123.005187077512, 49.2468901600124], [-123.005187981217, 49.2468875774143], [-123.005188360306, 49.246884939106], [-123.005188207593, 49.2468822908284], [-123.005181661569, 49.2468577778343], [-123.00529220196, 49.2468387789506], [-123.005297113948, 49.2468395518543], [-123.005302152598, 49.2468397940464], [-123.005307184062, 49.2468395025949], [-123.005312078084, 49.2468386827775], [-123.00534970402, 49.2468322550098], [-123.005367168167, 49.2468723955579], [-123.005386600523, 49.2469121472764], [-123.00538776474, 49.2469143938543], [-123.00543030446, 49.2469887384568], [-123.005437675137, 49.2470003437038], [-123.005461434678, 49.2470403316463], [-123.005487696925, 49.2470796481069], [-123.005476740174, 49.2470824893057], [-123.005454832061, 49.2470893896942], [-123.005450799523, 49.2470905660499], [-123.005447117329, 49.2470921587629], [-123.005443884292, 49.2470941226787], [-123.005441186651, 49.2470964061926], [-123.005439099865, 49.2470989465577], [-123.005437677832, 49.2471016769223], [-123.005436784907, 49.2471042929351], [-123.005436368987, 49.2471069587933], [-123.005436438157, 49.2471096387254], [-123.00544898313, 49.2471378419235], [-123.005396321193, 49.2471571262775], [-123.00534204139, 49.2471743927611], [-123.005333926908, 49.2471767595425], [-123.005252251184, 49.2471956650558], [-123.005168701575, 49.2472106820295], [-123.005102840691, 49.247218834987], [-123.00503614707, 49.2472232518804], [-123.004969119275, 49.2472238998712], [-123.004971869916, 49.2471973586291], [-123.004971842967, 49.2471903415586], [-123.004971674083, 49.2471882398385], [-123.004970967109, 49.2471861885502], [-123.004969744502, 49.2471842416441], [-123.004968038601, 49.2471824565892], [-123.004965900611, 49.2471808838173], [-123.004963388023, 49.247179566137], [-123.004960572703, 49.2471785428384], [-123.004957529211, 49.2471778432422]]], [[[-123.004872734536, 49.2470900875324], [-123.004883201706, 49.2470613840916], [-123.004957447464, 49.2470638669894], [-123.005031733647, 49.247061959955], [-123.00510015922, 49.247056987122], [-123.005100258933, 49.2470569777393], [-123.005157972995, 49.2470510050613], [-123.005191265458, 49.2470468074732], [-123.0051913499, 49.2470467957449], [-123.005211038276, 49.2470439480934], [-123.005226747115, 49.2470865015823], [-123.005235875795, 49.2470846355981], [-123.005244513096, 49.2470819527325], [-123.005252485645, 49.2470785040039], [-123.005260329734, 49.2470746875904], [-123.00526731683, 49.2470702202518], [-123.005271061008, 49.2470670078492], [-123.005273931125, 49.2470634330394], [-123.005275846334, 49.2470595949273], [-123.005276753632, 49.2470556020003], [-123.005276627868, 49.2470515662643], [-123.005275470838, 49.2470476014847], [-123.005274074856, 49.2470449414875], [-123.005243313846, 49.2469825429309], [-123.005241184838, 49.2469789552138], [-123.005238165601, 49.2469756495645], [-123.005234343269, 49.246972720983], [-123.005229822048, 49.2469702509818], [-123.005224733991, 49.2469683099314], [-123.005219219233, 49.2469669529553], [-123.005213431388, 49.2469662152388], [-123.005207540236, 49.246966121998], [-123.00520635446, 49.2469658540041], [-123.005205114785, 49.246965722646], [-123.005203859838, 49.2469657308559], [-123.005202624655, 49.2469658815658], [-123.00520144876, 49.2469661653932], [-123.005200364493, 49.2469665788193], [-123.005199404194, 49.246967106011], [-123.005198596609, 49.2469677334805], [-123.005197965093, 49.2469684418759], [-123.00519752941, 49.2469692100862], [-123.005197303035, 49.2469700158274], [-123.005197288662, 49.2469708350561], [-123.005213870664, 49.2470145315397], [-123.005168008974, 49.2470214178637], [-123.005121606498, 49.2470265308545], [-123.00506708415, 49.2470321505111], [-123.005012109051, 49.2470353887185], [-123.004952851683, 49.2470358191502], [-123.004893668876, 49.247033822979], [-123.004900701786, 49.2470153982678], [-123.004907188521, 49.2469984085187], [-123.00490753527, 49.2469962997534], [-123.004907361896, 49.2469941833645], [-123.004906671989, 49.2469921115435], [-123.004905486213, 49.2469901382409], [-123.004903831516, 49.2469883138888], [-123.004901844443, 49.2469867487342], [-123.004899511518, 49.2469854017278], [-123.004896888438, 49.2469843051227], [-123.004894037185, 49.2469834847212], [-123.004891028727, 49.2469829622211], [-123.004869887775, 49.2469795603992], [-123.004866947589, 49.2469789616644], [-123.004863904097, 49.2469786461705], [-123.004860822876, 49.2469786227137], [-123.004857768604, 49.2469788907076], [-123.004854807756, 49.2469794460473], [-123.004852000521, 49.2469802752451], [-123.0048498257, 49.2469811859552], [-123.004847918577, 49.2469823236098], [-123.004846336643, 49.2469836559558], [-123.004845123019, 49.2469851448759], [-123.004844313637, 49.246986746975], [-123.004843931853, 49.246988414753], [-123.004838216772, 49.2470071274063], [-123.004832593318, 49.2470255427379], [-123.004780877307, 49.247014299904], [-123.004731797851, 49.2469988178397], [-123.004694453987, 49.2469846974376], [-123.004658809735, 49.2469688142526], [-123.004583923477, 49.2469320198984], [-123.004635396943, 49.246893747736], [-123.004628775461, 49.2468889297011], [-123.004621077798, 49.2468848511428], [-123.004612493497, 49.2468816105799], [-123.004604862308, 49.246880227799], [-123.004596999355, 49.2468796173346], [-123.0045890834, 49.2468797950202], [-123.004581301295, 49.2468807549916], [-123.004574495659, 49.2468829558299], [-123.004568193977, 49.2468857231509], [-123.004562504048, 49.2468890065223], [-123.00455752828, 49.2468927514068], [-123.004485769956, 49.2469417339531], [-123.004482905229, 49.2469457462412], [-123.004481069971, 49.2469500071712], [-123.004480309098, 49.2469544047367], [-123.004480644169, 49.2469588257587], [-123.004482063507, 49.2469631547123], [-123.004485769956, 49.2469677628015], [-123.004490614571, 49.24697189589], [-123.004496459908, 49.2469754343483], [-123.004538336672, 49.2469441599741], [-123.00457378599, 49.2469616071496], [-123.00465082461, 49.2469992007718], [-123.004685142949, 49.2470135258302], [-123.00472076654, 49.2470264211941], [-123.00475408146, 49.2470374271118], [-123.004789021433, 49.2470460216716], [-123.004825179522, 49.2470521045971], [-123.004812532141, 49.2470825215587], [-123.004811975185, 49.2470844133454], [-123.004811927575, 49.2470863397308], [-123.004812391105, 49.2470882420729], [-123.004813352303, 49.2470900640756], [-123.004814780624, 49.2470917506155], [-123.004816633848, 49.2470932489151], [-123.004818857179, 49.2470945161656], [-123.004823761082, 49.2470957576137], [-123.004828892259, 49.2470965146801], [-123.004850141009, 49.2470989893663], [-123.004853301282, 49.2470991764338], [-123.004856466945, 49.2470990368662], [-123.004859561641, 49.2470985747684], [-123.004862504522, 49.2470978030416], [-123.004865227315, 49.247096738692], [-123.004867660852, 49.2470954098675], [-123.004869779079, 49.2470938195003], [-123.004871485878, 49.2470920303372], [-123.004872734536, 49.2470900875324]]]]}},
{"type": "Feature", "properties": {"name": "LOT S", "type": "parking", "kinds": ["Economy Lot", "Service Vehicle (Contractor) Daily Parking"], "label": false, "source": "BCIT ArcGIS Bsite_ParkingBoundaries", "stalls": 221, "hours": "24hrs 7 days/week Mon-Sun 6am-6am", "staffOnly": "No"}, "geometry": {"type": "Polygon", "coordinates": [[[-123.004951118833, 49.2471774908053], [-123.004947278535, 49.2471778919149], [-123.00494358107, 49.2471786818194], [-123.004940121657, 49.2471798405805], [-123.004941977577, 49.2471506340454], [-123.005017431569, 49.2471488302239], [-123.005092410353, 49.2471430211675], [-123.005166415362, 49.247133246165], [-123.005238956118, 49.2471195714792], [-123.005226747115, 49.2470865015823], [-123.005235875795, 49.2470846355981], [-123.005244513096, 49.2470819527325], [-123.005252485645, 49.2470785040039], [-123.005260329734, 49.2470746875904], [-123.00526731683, 49.2470702202518], [-123.005271061008, 49.2470670078492], [-123.005273931125, 49.2470634330394], [-123.005275846334, 49.2470595949273], [-123.005276753632, 49.2470556020003], [-123.005276627868, 49.2470515662643], [-123.005275470838, 49.2470476014847], [-123.005315709973, 49.2471242434733], [-123.005476740174, 49.2470824893057], [-123.005454832061, 49.2470893896942], [-123.005450799523, 49.2470905660499], [-123.005447117329, 49.2470921587629], [-123.005443884292, 49.2470941226787], [-123.005441186651, 49.2470964061926], [-123.005439099865, 49.2470989465577], [-123.005437677832, 49.2471016769223], [-123.005436784907, 49.2471042929351], [-123.005436368987, 49.2471069587933], [-123.005436438157, 49.2471096387254], [-123.00544898313, 49.2471378419235], [-123.005396321193, 49.2471571262775], [-123.00534204139, 49.2471743927611], [-123.005333926908, 49.2471767595425], [-123.005252251184, 49.2471956650558], [-123.005168701575, 49.2472106820295], [-123.005102840691, 49.247218834987], [-123.00503614707, 49.2472232518804], [-123.004969119275, 49.2472238998712], [-123.004971869916, 49.2471973586291], [-123.004971842967, 49.2471903415586], [-123.004971674083, 49.2471882398385], [-123.004970967109, 49.2471861885502], [-123.004969744502, 49.2471842416441], [-123.004968038601, 49.2471824565892], [-123.004965900611, 49.2471808838173], [-123.004963388023, 49.247179566137], [-123.004960572703, 49.2471785428384], [-123.004957529211, 49.2471778432422], [-123.00495434648, 49.247177489046], [-123.004951118833, 49.2471774908053]]]}},
{"type": "Feature", "properties": {"name": "LOT T", "type": "parking", "kinds": ["Service Vehicle (Contractor) Daily Parking", "Student and Daily Parking", "Student and Public"], "label": true, "source": "BCIT ArcGIS Bsite_ParkingBoundaries", "stalls": 28, "hours": "24hrs 7 days/week Mon-Sun 6am-6am", "staffOnly": "No"}, "geometry": {"type": "Polygon", "coordinates": [[[-122.998496927434, 49.2432984816634], [-122.998496018339, 49.2432642691212], [-122.998495158651, 49.2432629947348], [-122.998493978265, 49.2432618352953], [-122.998492511316, 49.2432608242312], [-122.998490800924, 49.2432599920386], [-122.998488899191, 49.2432593621762], [-122.998486859116, 49.2432589539971], [-122.998484743584, 49.2432587792308], [-122.998484339342, 49.243258775712], [-122.998482270522, 49.2432588801027], [-122.998480257397, 49.2432592073497], [-122.998478355664, 49.2432597492425], [-122.998476618322, 49.2432604899467], [-122.998475092983, 49.2432614083494], [-122.998473823663, 49.2432624798193], [-122.998472845398, 49.2432636744467], [-122.998468254109, 49.2432487196106], [-122.998459772216, 49.243234508407], [-122.998447654841, 49.2432214683689], [-122.998432265802, 49.2432099924289], [-122.998414072222, 49.2432004266022], [-122.998393615787, 49.2431930582576], [-122.998371519027, 49.2431881084935], [-122.998373699238, 49.2431878956068], [-122.9983757995, 49.2431874563445], [-122.998377764115, 49.2431868041954], [-122.998379541881, 49.2431859532347], [-122.998381089678, 49.243184926921], [-122.998382364388, 49.2431837534045], [-122.998383334568, 49.2431824608356], [-122.99838397327, 49.2431810826427], [-122.998384264325, 49.2431796557732], [-122.998384202341, 49.2431782177609], [-122.998383788217, 49.2431768037935], [-122.998386515503, 49.2431297980068], [-122.998596703313, 49.2431326928013], [-122.99860280467, 49.2431327766658], [-122.998603258319, 49.2431622289607], [-122.99860283701, 49.2431637877853], [-122.998602803772, 49.2431653700686], [-122.998603163098, 49.2431669353443], [-122.998603904208, 49.2431684419734], [-122.998605008238, 49.2431698512493], [-122.998606445542, 49.2431711262245], [-122.998608178392, 49.2431722322979], [-122.998610163669, 49.2431731419053], [-122.998612344779, 49.2431738310018], [-122.998614659737, 49.2431739782046], [-122.998616980085, 49.2431738937536], [-122.998619257315, 49.2431735817542], [-122.998621433034, 49.2431730474844], [-122.99862346143, 49.2431723038466], [-122.998625293095, 49.2431713684347], [-122.99862688491, 49.2431702617749], [-122.998630067641, 49.243133371342], [-122.998639646377, 49.2431334446502], [-122.998656325397, 49.2431335724997], [-122.998704713149, 49.2431339425595], [-122.998884574734, 49.2431353195807], [-122.998921109216, 49.2431349037766], [-122.998928740405, 49.243173297905], [-122.99893281157, 49.24317767704], [-122.998948374882, 49.2431779045885], [-122.998971256769, 49.243178240633], [-122.998975379138, 49.2431728433945], [-122.998975108745, 49.2431484071452], [-122.998974976692, 49.2431356779112], [-122.998998833251, 49.2431360673243], [-122.999013931236, 49.2431362051438], [-122.999137163924, 49.2431384342994], [-122.999136861191, 49.2431447734052], [-122.999135862265, 49.2431657706244], [-122.999135600855, 49.2431712470364], [-122.999132163901, 49.2432434508156], [-122.999117825891, 49.2432518900363], [-122.999105474055, 49.2432615754918], [-122.999095358127, 49.24327230837], [-122.999092415246, 49.2432788216383], [-122.999092285889, 49.2432791588551], [-122.999092181684, 49.2432794368389], [-122.999089646638, 49.2432882373152], [-122.99908957657, 49.2432885880205], [-122.999088541711, 49.2433011659075], [-122.999088290182, 49.2433011553511], [-122.999048148964, 49.2432992763216], [-122.99901309221, 49.2432976371557], [-122.998974035258, 49.2432958103214], [-122.998977829742, 49.2432568292376], [-122.99897732938, 49.2432553026714], [-122.998976443641, 49.2432538535184], [-122.998975193186, 49.2432525234176], [-122.998973617541, 49.2432513487298], [-122.998971759825, 49.2432503652293], [-122.998969675734, 49.2432496004799], [-122.998967423658, 49.2432490773538], [-122.998965069173, 49.2432488087532], [-122.99896267696, 49.243248804648], [-122.99894631774, 49.2432483026346], [-122.998933595799, 49.2432479120494], [-122.998930466068, 49.2432479630718], [-122.998927396525, 49.2432483671456], [-122.998924481492, 49.2432491101958], [-122.998921804512, 49.2432501711096], [-122.998919450926, 49.2432515199773], [-122.998917489006, 49.2432531128141], [-122.998915979836, 49.2432549027028], [-122.998914965638, 49.2432568368616], [-122.998910875609, 49.2432946192136], [-122.998908751991, 49.2432945547026], [-122.998907880626, 49.2432945494244], [-122.998900909699, 49.2432949259341], [-122.99889413191, 49.243296057809], [-122.998887739499, 49.2432979104478], [-122.998881910331, 49.2433004357603], [-122.998876806103, 49.243303558679], [-122.998872572343, 49.2433071941667], [-122.998869327628, 49.2433112401786], [-122.99886716179, 49.2433155823542], [-122.998866135914, 49.2433200998819], [-122.998837198484, 49.2433201380021], [-122.998838646568, 49.2433175933373], [-122.998839398458, 49.2433149237557], [-122.998839429001, 49.2433122090163], [-122.998838737298, 49.2433095329833], [-122.998837345808, 49.2433069748293], [-122.998835295852, 49.2433046125541], [-122.998832650314, 49.2433025182926], [-122.998829487346, 49.2433007559694], [-122.998825903966, 49.2432993777799], [-122.998747901453, 49.2432991660665], [-122.998496927434, 49.2432984816634]]]}},
{"type": "Feature", "properties": {"name": "P12", "type": "parking", "kinds": ["Staff Only"], "label": true, "source": "BCIT ArcGIS Bsite_ParkingBoundaries", "stalls": 49, "hours": "Staff: Mon-Fri 6am-4:30pm", "staffOnly": "No"}, "geometry": {"type": "MultiPolygon", "coordinates": [[[[-122.999891649049, 49.2497185041748], [-122.999892084732, 49.249696656548], [-122.999818355505, 49.2496947994583], [-122.999818356404, 49.2494800315686], [-122.999818373472, 49.2494797794208], [-122.999818355505, 49.2494795278594], [-122.999818228843, 49.2494122993449], [-122.999818227945, 49.2494101115199], [-122.999818249504, 49.2493863145918], [-122.999818271962, 49.249362894702], [-122.999818293522, 49.2493394765603], [-122.999818315979, 49.2493162472259], [-122.999818338437, 49.2492930196396], [-122.999818361794, 49.249269409128], [-122.999818382455, 49.2492469426578], [-122.999818404014, 49.2492240944354], [-122.999818426472, 49.249200865633], [-122.999818444439, 49.2491818207395], [-122.999817544327, 49.2491784366609], [-122.999815460235, 49.249174455633], [-122.999812349369, 49.2491707701474], [-122.999808306951, 49.2491674933782], [-122.99980345515, 49.2491647214939], [-122.999797940392, 49.2491625430402], [-122.999797940392, 49.2491455499253], [-122.999816146548, 49.2491456771728], [-122.99983141162, 49.2491457833101], [-122.999845186386, 49.249145878306], [-122.999857209438, 49.2491459621604], [-122.99986882196, 49.2491460430828], [-122.999881549291, 49.2491461316283], [-122.999895156971, 49.2491462260378], [-122.9999884003, 49.2491468745898], [-122.999997900883, 49.2491469402659], [-123.000010638095, 49.2491470293978], [-123.000022982744, 49.249147114425], [-123.000035326494, 49.2491472000386], [-123.000047329783, 49.2491472838929], [-123.000064934068, 49.2491474058629], [-123.000064855914, 49.2491801125743], [-123.000064773269, 49.2492141967022], [-123.000064688828, 49.2492490384264], [-123.000064640319, 49.2492691393873], [-123.00006463403, 49.2492720760421], [-123.000064574742, 49.2492960677075], [-123.000064536114, 49.2493120304795], [-123.000064518148, 49.2493192929468], [-123.000064460656, 49.2493430951847], [-123.000064405858, 49.2493663227474], [-123.000064361841, 49.2493844205477], [-123.000064351061, 49.2493889803268], [-123.000064294467, 49.2494124007906], [-123.000064236975, 49.249436200638], [-123.000064180381, 49.2494594281569], [-123.000064125584, 49.2494824662608], [-123.00006406899, 49.2495055049404], [-123.000064019583, 49.2495259863638], [-123.000063977362, 49.2495291112344], [-123.000063816563, 49.2495408020836], [-123.000063712359, 49.2495484403928], [-123.000063656663, 49.2495524043852], [-123.000063835428, 49.2495748062136], [-123.000063852496, 49.2495768198737], [-123.000060238574, 49.2495764035375], [-123.000056567159, 49.2495763836003], [-123.000052943355, 49.2495767624076], [-123.000049465977, 49.2495775288181], [-123.000046229347, 49.249578660549], [-123.000043328687, 49.2495801276945], [-123.000040839455, 49.2495818892071], [-123.000038832619, 49.2495838946576], [-123.000037363873, 49.2495860906843], [-123.000036475439, 49.2495884151302], [-123.000036187979, 49.2495908034923], [-123.000036513169, 49.2495931895088], [-123.000037439332, 49.2495955086768], [-123.00003894401, 49.2495976947345], [-123.000040982287, 49.2495996866974], [-123.000043499367, 49.2496014300313], [-123.00004642518, 49.2496028778252], [-123.000049677081, 49.2496039872727], [-123.000053167036, 49.2496047296409], [-123.000056798026, 49.2496050832333], [-123.000060466746, 49.2496050392542], [-123.00006407438, 49.2496045977035], [-123.000064095041, 49.24960717195], [-123.000064280992, 49.2496303542366], [-123.00006952895, 49.2496447782176], [-123.000071401039, 49.2496528504381], [-123.00007271797, 49.2496760983786], [-123.000072523934, 49.24967839526], [-123.00006820663, 49.2496987552294], [-122.999987060912, 49.2496976123599], [-122.999986794113, 49.2497110963422], [-122.999986625229, 49.2497196042376], [-122.999980649636, 49.2497195268345], [-122.99996527497, 49.2497193280492], [-122.999956397818, 49.2497192137036], [-122.999949825744, 49.2497191714837], [-122.999934366636, 49.2497190717978], [-122.999918968614, 49.2497188671486], [-122.999891649049, 49.2497185041748]]], [[[-122.999795855402, 49.2500680555067], [-122.999794653457, 49.2499161198535], [-122.999794264486, 49.2498668523426], [-122.999795413431, 49.2497888970008], [-122.999796068303, 49.249739491562], [-123.00003405448, 49.2497403476873], [-123.000033904461, 49.249749987891], [-123.000033181317, 49.2497964684236], [-123.000053264952, 49.2497962584972], [-123.000065032882, 49.2497952375984], [-123.000076386689, 49.2497929747329], [-123.000091897001, 49.2497870780296], [-123.000105834363, 49.2497796936627], [-123.000123504224, 49.2497699836848], [-123.000072242761, 49.2497371401495], [-123.000098003748, 49.2497212384993], [-123.000124866969, 49.2497046566343], [-123.000151148979, 49.2496884336331], [-123.000155680081, 49.249685635977], [-123.000171617991, 49.2496733611198], [-123.0001752391, 49.2496711181858], [-123.000201280362, 49.2496549813727], [-123.000228546027, 49.2496380863541], [-123.000255719166, 49.2496212482094], [-123.000285967238, 49.2496456190984], [-123.000287222185, 49.2496465479374], [-123.000288691829, 49.2496473307658], [-123.00029033844, 49.2496479470598], [-123.000292116206, 49.2496483774688], [-123.000293979312, 49.2496486131969], [-123.000295875656, 49.249648646621], [-123.00029775583, 49.2496484777412], [-123.000299566833, 49.2496481094893], [-123.000301261954, 49.2496475530069], [-123.00030279448, 49.2496468235399], [-123.000304123987, 49.2496459398528], [-123.000305213643, 49.2496449259875], [-123.000306035602, 49.2496438100906], [-123.000306161366, 49.2496023336564], [-123.000306182027, 49.2495953532838], [-123.000345298268, 49.2495954107499], [-123.000380781722, 49.2495954641113], [-123.000416263379, 49.2495955157135], [-123.000452036988, 49.2495955690749], [-123.000486651771, 49.2495956200907], [-123.000522860165, 49.2495956728657], [-123.000557907038, 49.2495957250543], [-123.000563745189, 49.2495957338502], [-123.000563746087, 49.2496811237227], [-123.000753606819, 49.24968112255], [-123.000753629277, 49.2497286428121], [-123.000766166165, 49.2497286392937], [-123.000766118554, 49.2497381182433], [-123.000763797308, 49.2497381182433], [-123.000744505089, 49.2497381024108], [-123.000744694633, 49.2497274067076], [-123.000645146927, 49.2497277016604], [-123.000645146028, 49.2497380191439], [-123.000600347045, 49.2497379822015], [-123.000601680145, 49.2497354519407], [-123.000602365559, 49.2497328137847], [-123.000602386221, 49.2497301375132], [-123.000601738535, 49.2497274946657], [-123.000600443165, 49.2497249567814], [-123.000598533346, 49.2497225877766], [-123.000596059386, 49.2497204544993], [-123.000593087759, 49.2497186114837], [-123.000589696619, 49.2497171079864], [-123.000585974899, 49.2497159838817], [-123.000582025007, 49.2497152696618], [-123.000386139274, 49.2497149846775], [-123.00033422204, 49.249714271044], [-123.000328973184, 49.2497158982692], [-123.00032421391, 49.2497180737665], [-123.000320071778, 49.2497207336197], [-123.000316664468, 49.2497238051167], [-123.000314087202, 49.249727204404], [-123.000312409149, 49.2497308359004], [-123.000311065269, 49.2497342152501], [-123.000293673885, 49.2497424956233], [-123.000282316485, 49.249748422824], [-123.000271017475, 49.2497547716362], [-123.000261313874, 49.2497606167412], [-123.000252764607, 49.2497660976993], [-123.000243315229, 49.249772546195], [-123.000235330104, 49.2497783525964], [-123.000226938941, 49.2497848427239], [-123.000219296075, 49.2497911422749], [-123.000210888742, 49.2497985542003], [-123.000203979799, 49.2498050718853], [-123.000197102297, 49.2498120029718], [-123.000190058607, 49.2498196300978], [-123.000184355203, 49.2498262609525], [-123.000178527832, 49.2498335350719], [-123.00018226662, 49.2498361380394], [-123.000176528182, 49.249836163254], [-123.000176847084, 49.2498670898288], [-123.000173313112, 49.2498670833786], [-123.00017298343, 49.2499420926001], [-123.000205318289, 49.2499420808723], [-123.00020531739, 49.2499565264585], [-123.000288163619, 49.2499573825801], [-123.00028809894, 49.2499792312642], [-123.000288080076, 49.2499856375124], [-123.000287847412, 49.2500023641198], [-123.000287534798, 49.2500248413875], [-123.000248381727, 49.2500248531152], [-123.000226615547, 49.2500240914027], [-123.000226694599, 49.2500394364773], [-123.000226694599, 49.2500704807878], [-123.000226694599, 49.2500824189624], [-122.999795955115, 49.2500807993723], [-122.999795855402, 49.2500680555067]]]]}},
{"type": "Feature", "properties": {"name": "P15", "type": "parking", "kinds": ["Staff Only"], "label": true, "source": "BCIT ArcGIS Bsite_ParkingBoundaries", "stalls": 81, "hours": "Staff: Mon-Fri 6am-4:30pm", "staffOnly": "No"}, "geometry": {"type": "Polygon", "coordinates": [[[-123.00388425355, 49.253492251353], [-123.003786985768, 49.253492254871], [-123.003713187371, 49.2534922572164], [-123.003716513832, 49.2534106411933], [-123.003716886633, 49.2534014877832], [-123.003717598099, 49.2533839983214], [-123.003719883413, 49.2533278464826], [-123.003722879295, 49.2529862673603], [-123.003723930323, 49.2528665371779], [-123.003722095065, 49.2525331573699], [-123.003797240935, 49.2525314592888], [-123.003798397067, 49.2523986505167], [-123.003736603755, 49.2523481072269], [-123.003746187881, 49.2521856100734], [-123.003779682465, 49.2521557532962], [-123.00375197393, 49.2521153408684], [-123.003717939459, 49.252066934569], [-123.003706646737, 49.2520487832206], [-123.003698683172, 49.2520298953975], [-123.003694156562, 49.2520105290972], [-123.003696478707, 49.2518983207398], [-123.003697039255, 49.2518712167577], [-123.003697146155, 49.2518706474003], [-123.00380001134, 49.2518749653687], [-123.003799678065, 49.2518828038526], [-123.003799118414, 49.251943007917], [-123.00379866207, 49.2519921754337], [-123.00380133366, 49.2520066960605], [-123.003806516939, 49.2520209252621], [-123.003814176873, 49.2520384292795], [-123.003871567542, 49.2520214312908], [-123.003925419747, 49.2521044193457], [-123.003942996184, 49.252134786286], [-123.003959056264, 49.2521722475568], [-123.003963937709, 49.2522031415912], [-123.00396451353, 49.25222193084], [-123.003964515326, 49.252238589845], [-123.003889526661, 49.2522385933631], [-123.003889973124, 49.2522571820643], [-123.003966142175, 49.2522576552545], [-123.00396546215, 49.252347562502], [-123.003964591683, 49.2525440787978], [-123.003881177719, 49.2525436243736], [-123.003880335998, 49.2525665244179], [-123.003961232882, 49.252567116635], [-123.003962842663, 49.2527821326075], [-123.003960093818, 49.2527821191215], [-123.003960043513, 49.2527836964057], [-123.0038846003, 49.2527834008848], [-123.003883242047, 49.2528574786557], [-123.003958231611, 49.2528577730035], [-123.003957787843, 49.2529973006805], [-123.00395643498, 49.2531276041407], [-123.003882668922, 49.2531270529746], [-123.003882672516, 49.2531478981896], [-123.003955074931, 49.2531487266974], [-123.003952816566, 49.253351027022], [-123.003949186474, 49.2534271860465], [-123.003886922445, 49.2534268911157], [-123.00388425355, 49.253492251353]]]}},
{"type": "Feature", "properties": {"name": "P20", "type": "parking", "kinds": ["Staff Only", "Student and Public"], "label": true, "source": "BCIT ArcGIS Bsite_ParkingBoundaries", "stalls": 43, "hours": "Staff: Mon-Fri 6am-4:30pm\nStudent and Daily: Mon-Fri 4:30pm-6am + all day Saturday and Sunday", "staffOnly": "No"}, "geometry": {"type": "Polygon", "coordinates": [[[-123.002055839689, 49.2530308679458], [-123.002084907375, 49.2530308673594], [-123.00208489929, 49.2528299788274], [-123.002191712571, 49.2528303828228], [-123.002208945851, 49.2528299542006], [-123.002255957385, 49.2528296985518], [-123.002256408339, 49.2528622955218], [-123.002240264715, 49.2528624385911], [-123.00224153673, 49.2529766746964], [-123.002242893186, 49.2530983430756], [-123.002252423413, 49.253098174794], [-123.00225230214, 49.2531252399899], [-123.002251675116, 49.2532656276658], [-123.002251225958, 49.2533660632319], [-123.002251088516, 49.2533970028403], [-123.002251040007, 49.2534078243987], [-123.002312451535, 49.2534079416675], [-123.002312407517, 49.2534092785308], [-123.00263569412, 49.2534103292584], [-123.002635577339, 49.2534348477945], [-123.002631847534, 49.2535304697341], [-123.002621667825, 49.2535693113667], [-123.002618468925, 49.2535700730245], [-123.002618760877, 49.2535729290946], [-123.002215252025, 49.2535751096991], [-123.002194756961, 49.253575221104], [-123.002175340775, 49.2535746535253], [-123.002062742344, 49.2535733647465], [-123.002068417001, 49.2535715271518], [-123.002076449737, 49.253568023174], [-123.002083558106, 49.2535637534337], [-123.002087083095, 49.2535610545026], [-123.002092068745, 49.2535543010177], [-123.002095580259, 49.2535471628916], [-123.002097553858, 49.2535397773281], [-123.002028024255, 49.2535396418831], [-123.00202801078, 49.2532179161414], [-123.002028007187, 49.2531223633717], [-123.002029719376, 49.2531223557492], [-123.002099962241, 49.2531226336777], [-123.002099506795, 49.2531203434064], [-123.002098480021, 49.2531181340508], [-123.002096908867, 49.2531160642458], [-123.002095697938, 49.2531143040319], [-123.002091041072, 49.2531086545775], [-123.002089928059, 49.2531074965419], [-123.002087882595, 49.2531054320135], [-123.002085457144, 49.2531035515981], [-123.002082688536, 49.2531018857857], [-123.002080606242, 49.2531008737504], [-123.002079523772, 49.253100408777], [-123.002075720305, 49.2530990713189], [-123.002071666208, 49.2530980950507], [-123.002067441431, 49.2530975016673], [-123.002045094042, 49.2530975016673], [-123.002028141934, 49.2530975022537], [-123.002028139239, 49.2530368522137], [-123.002028139239, 49.2530308685322], [-123.002055839689, 49.2530308679458]]]}},
{"type": "Feature", "properties": {"name": "P21", "type": "parking", "kinds": ["Staff Only", "Student and Public"], "label": false, "source": "BCIT ArcGIS Bsite_ParkingBoundaries", "stalls": 139, "hours": "Staff: Mon-Fri 6am-4:30pm\nStudent and Daily: Mon-Fri 4:30pm-6am + all day Saturday and Sunday", "staffOnly": "No"}, "geometry": {"type": "Polygon", "coordinates": [[[-123.000992370937, 49.2544599270069], [-123.000936369064, 49.2544599000357], [-123.000936369064, 49.2544646194144], [-123.000893078352, 49.2544660477168], [-123.000840879945, 49.2544864883844], [-122.999703230113, 49.2544861682478], [-122.999648320592, 49.2544836610974], [-122.999607147209, 49.254472313836], [-122.999577394108, 49.254458763726], [-122.999559143037, 49.2544449034432], [-122.999536969921, 49.254414843989], [-122.999531852219, 49.2543903517384], [-122.999531425519, 49.2543149259433], [-122.99952919051, 49.2539810117965], [-122.99964806547, 49.2539815770252], [-122.999648122064, 49.2539815770252], [-122.999766944023, 49.2539821422538], [-122.999766943125, 49.2540151401031], [-122.999905835244, 49.2540151401031], [-122.999905835244, 49.253977710134], [-123.000058325162, 49.2539770551958], [-123.000058325162, 49.2540308574334], [-123.000058325162, 49.2541706866886], [-123.000083175258, 49.2541706866886], [-123.00010987768, 49.2541706866886], [-123.00010987768, 49.2542042766093], [-123.000088841831, 49.254204541046], [-123.000087624613, 49.2542615344487], [-123.000025992998, 49.2542626215109], [-123.00002516026, 49.2543131769125], [-122.999650376835, 49.254312633382], [-122.999650376835, 49.2542301978479], [-122.999626327139, 49.2542301855349], [-122.999628601673, 49.2543604968809], [-122.999635047085, 49.254395640452], [-122.999658925204, 49.2544137305452], [-122.999701284363, 49.2544198835091], [-123.001608104979, 49.2544183326621], [-123.001658180666, 49.2543995759112], [-123.001860141705, 49.2542408081435], [-123.001692258256, 49.2542436864555], [-123.001692399292, 49.2542217393955], [-123.001682550163, 49.2542217393955], [-123.001682797199, 49.2541647717456], [-123.001682636401, 49.2541598060776], [-123.001680380731, 49.2541597562392], [-123.001678146621, 49.2541599514886], [-123.001675991563, 49.2541603865489], [-123.001673978438, 49.2541610502798], [-123.001672162045, 49.2541619239184], [-123.001670594485, 49.254162981666], [-123.001669318877, 49.254164195965], [-123.001668537343, 49.2541629845977], [-123.001667455771, 49.2541618746663], [-123.0016661074, 49.2541608984191], [-123.001664528162, 49.254160081655], [-123.001662762074, 49.2541594484135], [-123.001660859442, 49.2541590168712], [-123.001658873267, 49.254158797582], [-123.001656859244, 49.2541587981684], [-123.001654872171, 49.2541590168712], [-123.001652969539, 49.2541594489999], [-123.001651204349, 49.2541600822413], [-123.001649625111, 49.2541608990054], [-123.00164827674, 49.2541618746663], [-123.001647195168, 49.2541629845977], [-123.001646413634, 49.2541641965513], [-123.001646413634, 49.2541670396877], [-123.001640011341, 49.2541670402741], [-123.001620452322, 49.2541670402741], [-123.001620452322, 49.2541543443701], [-123.001620449627, 49.2540809785976], [-123.001620449627, 49.2540807880386], [-123.001620446034, 49.2539718801867], [-123.001620446034, 49.2539707931181], [-123.001648822017, 49.2539707931181], [-123.001648819322, 49.2539063816225], [-123.001648819322, 49.2539055372963], [-123.001648817526, 49.2538402069232], [-123.001648817526, 49.2538397425431], [-123.001648813034, 49.2537001158105], [-123.001697701148, 49.2537001152241], [-123.001697699352, 49.2536494090914], [-123.001945539149, 49.2536494055734], [-123.002022001051, 49.2536494038144], [-123.002022003746, 49.2536993869897], [-123.002022106154, 49.2541058016949], [-123.002128355292, 49.2541570098476], [-123.002130098922, 49.2542833220084], [-123.002121618826, 49.2542876039995], [-123.002093726136, 49.2542704977273], [-123.002082305854, 49.2542707422283], [-123.002074070998, 49.2542747744425], [-123.002073453855, 49.2542877687591], [-123.001944114421, 49.2542874703155], [-123.001934163782, 49.2542828992622], [-123.001920346795, 49.2542812059319], [-123.001907093949, 49.2542826975636], [-123.001701208171, 49.2544449110655], [-123.00166103102, 49.2544801724289], [-123.001647041556, 49.2544831597845], [-123.001608107673, 49.2544883558479], [-123.001087233031, 49.2544878322545], [-123.001038736582, 49.2544667307924], [-123.000992558685, 49.2544659245873], [-123.000992370937, 49.2544599270069]]]}},
{"type": "Feature", "properties": {"name": "P21", "type": "parking", "kinds": ["Staff Only", "Student and Public"], "label": true, "source": "BCIT ArcGIS Bsite_ParkingBoundaries", "stalls": 139, "hours": "Staff: Mon-Fri 6am-4:30pm\nStudent and Daily: Mon-Fri 4:30pm-6am + all day Saturday and Sunday", "staffOnly": "No"}, "geometry": {"type": "Polygon", "coordinates": [[[-123.000992370937, 49.2544599270069], [-123.000936369064, 49.2544599000357], [-123.000936369064, 49.2544646194144], [-123.000893078352, 49.2544660477168], [-123.000840879945, 49.2544864883844], [-122.999703230113, 49.2544861682478], [-122.999648320592, 49.2544836610974], [-122.999607147209, 49.254472313836], [-122.999577394108, 49.254458763726], [-122.999559143037, 49.2544449034432], [-122.999536969921, 49.254414843989], [-122.999531852219, 49.2543903517384], [-122.999531425519, 49.2543149259433], [-122.999530855089, 49.2542301855349], [-122.99952919051, 49.2539810117965], [-122.999766944023, 49.2539821422538], [-122.999766943125, 49.2540151401031], [-122.999905835244, 49.2540151401031], [-122.999905835244, 49.253977710134], [-123.000058325162, 49.2539770546094], [-123.000058325162, 49.2540154191992], [-123.000058325162, 49.2540308574334], [-123.000058325162, 49.2541706866886], [-123.000083175258, 49.2541706866886], [-123.00010987768, 49.2541706866886], [-123.00010987768, 49.2542042766093], [-123.000088841831, 49.254204541046], [-123.000087624613, 49.2542615344487], [-123.000025992998, 49.2542626215109], [-123.00002516026, 49.2543131769125], [-122.999650376835, 49.254312633382], [-122.999650376835, 49.2542301955025], [-122.999626329834, 49.2542301855349], [-122.999628601673, 49.2543604968809], [-122.999635047085, 49.254395640452], [-122.999658925204, 49.2544137305452], [-122.999701284363, 49.2544198835091], [-123.001608104979, 49.2544183326621], [-123.001658180666, 49.2543995759112], [-123.001806853642, 49.2542826975636], [-123.001860141705, 49.2542408081435], [-123.001692258256, 49.2542436864555], [-123.001692399292, 49.2542217393955], [-123.001682550163, 49.2542217393955], [-123.001682797199, 49.2541647717456], [-123.001682636401, 49.2541598060776], [-123.001680380731, 49.2541597562392], [-123.001678146621, 49.2541599514886], [-123.001675991563, 49.2541603865489], [-123.001673978438, 49.2541610502798], [-123.001672162045, 49.2541619239184], [-123.001670594485, 49.254162981666], [-123.001669318877, 49.254164195965], [-123.001668537343, 49.2541629845977], [-123.001667455771, 49.2541618746663], [-123.0016661074, 49.2541608984191], [-123.001664528162, 49.254160081655], [-123.001662762074, 49.2541594484135], [-123.001660859442, 49.2541590168712], [-123.001658873267, 49.254158797582], [-123.001656859244, 49.2541587981684], [-123.001654872171, 49.2541590168712], [-123.001652969539, 49.2541594489999], [-123.001651204349, 49.2541600822413], [-123.001649625111, 49.2541608990054], [-123.00164827674, 49.2541618746663], [-123.001647195168, 49.2541629845977], [-123.001646413634, 49.2541641965513], [-123.001646413634, 49.2541670396877], [-123.001640011341, 49.2541670402741], [-123.001620452322, 49.2541670402741], [-123.001620452322, 49.2541543443701], [-123.001620449627, 49.2540809785976], [-123.001620449627, 49.2540807880386], [-123.001620446034, 49.2539718801867], [-123.001620446034, 49.2539707931181], [-123.001648822017, 49.2539707931181], [-123.001648819322, 49.2539063816225], [-123.001648819322, 49.2539055372963], [-123.001648817526, 49.2538402069232], [-123.001648817526, 49.2538397425431], [-123.001648813034, 49.2537001158105], [-123.001697701148, 49.2537001152241], [-123.001697699352, 49.2536494090914], [-123.001945539149, 49.2536494055734], [-123.002022001051, 49.2536494038144], [-123.002022003746, 49.2536993869897], [-123.002022106154, 49.2541058016949], [-123.002128355292, 49.2541570098476], [-123.002130098922, 49.2542833220084], [-123.002121618826, 49.2542876039995], [-123.002093726136, 49.2542704977273], [-123.002082305854, 49.2542707422283], [-123.002074070998, 49.2542747744425], [-123.002073453855, 49.2542877687591], [-123.001944114421, 49.2542874703155], [-123.001934163782, 49.2542828992622], [-123.001920346795, 49.2542812059319], [-123.001907096644, 49.2542826975636], [-123.001701208171, 49.2544449110655], [-123.00166103102, 49.2544801724289], [-123.001647041556, 49.2544831597845], [-123.001608107673, 49.2544883558479], [-123.001087233031, 49.2544878322545], [-123.001038736582, 49.2544667307924], [-123.000992558685, 49.2544659245873], [-123.000992370937, 49.2544599270069]]]}},
{"type": "Feature", "properties": {"name": "P22", "type": "parking", "kinds": ["Staff Only", "Student and Public"], "label": true, "source": "BCIT ArcGIS Bsite_ParkingBoundaries", "stalls": 54, "hours": "Staff: Mon-Fri 6am-4:30pm\nStudent and Daily: Mon-Fri 4:30pm-6am + all day Saturday and Sunday", "staffOnly": "No"}, "geometry": {"type": "Polygon", "coordinates": [[[-123.003146649566, 49.253553057973], [-123.00314693523, 49.2535116006544], [-123.003146873246, 49.2535102549987], [-123.003146488767, 49.2535089327966], [-123.003145787183, 49.2535076662971], [-123.003144790053, 49.2535064889215], [-123.003143519835, 49.2535054282281], [-123.003142009767, 49.2535045111885], [-123.003140297578, 49.2535037606702], [-123.003138424591, 49.2535031971951], [-123.003136440212, 49.2535028319037], [-123.003134391155, 49.2535026759366], [-123.003071126403, 49.2535026776957], [-123.003071060826, 49.2534813465524], [-123.003071059029, 49.2534811395734], [-123.003071011419, 49.2534656231838], [-123.003070873976, 49.2534213560341], [-123.003070768874, 49.2533870842491], [-123.003070645804, 49.2533474808118], [-123.003070423921, 49.2532759860403], [-123.003070403259, 49.2532689405164], [-123.003070059205, 49.2531578426281], [-123.003070014289, 49.2531435375291], [-123.003196649794, 49.2531435340111], [-123.003197489719, 49.2531435340111], [-123.003558124678, 49.2531435234568], [-123.003581029921, 49.2531435228705], [-123.003581210483, 49.2532640715054], [-123.003581556334, 49.2534945973096], [-123.003581564419, 49.2535003487434], [-123.003581603945, 49.2535265816992], [-123.003556226538, 49.2535265822856], [-123.003516450934, 49.2535265834582], [-123.003481389688, 49.2535265846309], [-123.003449474343, 49.2535265858036], [-123.00341925322, 49.2535265863899], [-123.003386446746, 49.2535265875627], [-123.003386370389, 49.2535265875627], [-123.003312058156, 49.2535265893217], [-123.003311985392, 49.2535265893217], [-123.003272918559, 49.2535265904944], [-123.003269859795, 49.2535263395399], [-123.003266779472, 49.2535264403908], [-123.003263774607, 49.2535268865972], [-123.003260933236, 49.2535276670186], [-123.003258342495, 49.2535287582013], [-123.003256080537, 49.2535301243785], [-123.003254215634, 49.2535317268515], [-123.003252805279, 49.2535335157813], [-123.003251890794, 49.2535354378106], [-123.003251502722, 49.2535374343053], [-123.003251649148, 49.2535394436995], [-123.003251831506, 49.2535435996916], [-123.003252188137, 49.2535517445672], [-123.003252608548, 49.2535613623321], [-123.003268815953, 49.253576668195], [-123.00319395934, 49.2535765673443], [-123.003141108757, 49.2535764711843], [-123.003129295911, 49.2535764489033], [-123.003146592972, 49.253561058607], [-123.003146645074, 49.2535536636641], [-123.003146649566, 49.253553057973]]]}},
{"type": "Feature", "properties": {"name": "P24", "type": "parking", "kinds": ["Staff Only"], "label": true, "source": "BCIT ArcGIS Bsite_ParkingBoundaries", "stalls": 15, "hours": "Staff: 24/7 Mon-Sun", "staffOnly": "Yes"}, "geometry": {"type": "Polygon", "coordinates": [[[-123.000283750196, 49.2544198835091], [-122.999701284363, 49.2544198835091], [-122.999701247532, 49.2544156396411], [-122.999701446958, 49.2543554514915], [-122.999706367929, 49.2543554514915], [-122.999706367929, 49.2543575458706], [-122.999747576346, 49.254357467302], [-122.999779136857, 49.2543574063235], [-122.999815786324, 49.2543574714063], [-122.999848613459, 49.2543575470432], [-122.999873669269, 49.2543575118633], [-122.999901521534, 49.2543574719927], [-122.999932717329, 49.2543574280177], [-122.99994057669, 49.2543574174638], [-122.999941303427, 49.2543574157048], [-122.99996762137, 49.2543573787658], [-123.000013827115, 49.2543573130966], [-123.000054957378, 49.254357308406], [-123.000096479307, 49.2543573043016], [-123.000155367467, 49.254357297852], [-123.000156482277, 49.254357297852], [-123.000200612015, 49.2543573148556], [-123.000272894056, 49.2543573424132], [-123.000275540493, 49.2543573435859], [-123.000275540493, 49.254408297596], [-123.000275540493, 49.2544084881538], [-123.000275541391, 49.2544130410193], [-123.000275494679, 49.2544141093155], [-123.000275731834, 49.2544151670578], [-123.000276244772, 49.2544161837568], [-123.000277017323, 49.254417126578], [-123.00027802703, 49.2544179685501], [-123.000279244247, 49.254418684461], [-123.000280632144, 49.2544192532026], [-123.000282149398, 49.2544196565988], [-123.000283750196, 49.2544198835091]]]}},
{"type": "Feature", "properties": {"name": "P25", "type": "parking", "kinds": ["Staff Only", "Student and Public"], "label": true, "source": "BCIT ArcGIS Bsite_ParkingBoundaries", "stalls": 144, "hours": "Staff: Mon-Fri 6am-4:30pm\nStudent and Daily: Mon-Fri 4:30pm-6am + all day Saturday and Sunday", "staffOnly": "No"}, "geometry": {"type": "Polygon", "coordinates": [[[-122.9981816556, 49.2542635021837], [-122.998183171058, 49.2541281498596], [-122.998182937496, 49.2541084020919], [-122.998180442875, 49.2540887211585], [-122.998180458146, 49.2540872688055], [-122.998181901739, 49.2539522889085], [-122.998184888637, 49.2537483944454], [-122.998354227356, 49.2537494475112], [-122.998350917963, 49.2539530675642], [-122.99835112727, 49.2539530751866], [-122.998540827204, 49.2539532041807], [-122.998540707728, 49.2539540103942], [-122.998540447216, 49.25402248807], [-122.998540513692, 49.25402248807], [-122.998540408589, 49.2540503302406], [-122.998540304384, 49.2540776998089], [-122.998540197485, 49.2541057823458], [-122.998540081602, 49.2541362535954], [-122.998539995364, 49.2541588603198], [-122.998539892058, 49.254186228069], [-122.998539798633, 49.2542107473923], [-122.99853976809, 49.2542186048543], [-122.99853866945, 49.2542185849189], [-122.998473144537, 49.2542185057639], [-122.998348031676, 49.2542183539033], [-122.998347980472, 49.2542367061528], [-122.998315234185, 49.2542368046569], [-122.998315581833, 49.254289850828], [-122.998349865137, 49.2542897617053], [-122.998348102643, 49.2543481880061], [-122.998907831218, 49.2543481780385], [-122.998921694918, 49.2543481921104], [-122.998921884463, 49.2542681195592], [-122.998922462978, 49.2542681113506], [-122.998952024737, 49.2542682145452], [-122.998952237638, 49.2542413510884], [-122.99895479604, 49.2542377545175], [-122.998954849938, 49.2542225291873], [-122.998954931685, 49.2541998714809], [-122.99895500894, 49.2541783547709], [-122.99895508889, 49.2541560787481], [-122.998955163451, 49.2541353236681], [-122.998955238011, 49.2541141898069], [-122.998955325147, 49.2540900099239], [-122.998955408691, 49.2540669681068], [-122.998955493132, 49.2540433592919], [-122.998955607218, 49.2540111829188], [-122.998955794068, 49.2539593947275], [-122.998955909052, 49.253927031258], [-122.998955998884, 49.2539022737407], [-122.998956077936, 49.253879998766], [-122.998956117461, 49.2538689310491], [-122.998956051884, 49.2538689275311], [-122.998922575267, 49.2538689468802], [-122.998922593233, 49.253856388689], [-122.998922628268, 49.2538331608935], [-122.998922662404, 49.253810033351], [-122.998923143901, 49.25381003511], [-122.998923143901, 49.2538092652472], [-122.998925812795, 49.2538093561297], [-122.998925925983, 49.2537803018602], [-122.998924705172, 49.2537316485853], [-122.99892477075, 49.2537316521034], [-122.998934419554, 49.2537316638301], [-122.998934424944, 49.2537305017048], [-122.998971997879, 49.2537304847009], [-122.998972063456, 49.2537304858736], [-122.998994389286, 49.2537299053973], [-122.998994559067, 49.2536678747161], [-122.998993731719, 49.253663435532], [-122.998992127328, 49.2536590878167], [-122.99910236858, 49.2536590889893], [-122.999243149856, 49.2536596430812], [-122.99924460872, 49.2536597626947], [-122.999246022668, 49.253660033584], [-122.999247352175, 49.2536604463678], [-122.999248562205, 49.2536609922509], [-122.999249624912, 49.2536616571611], [-122.999250510651, 49.2536624235082], [-122.999251200557, 49.2536632731157], [-122.999251200557, 49.2536849595026], [-122.999251511375, 49.2536854619962], [-122.999251937176, 49.2536859281367], [-122.999252469877, 49.2536863438519], [-122.999253096901, 49.2536866997605], [-122.999253802079, 49.2536869876536], [-122.999254565647, 49.2536871999088], [-122.99925828557, 49.2536871999088], [-122.999262555263, 49.2536871999088], [-122.999267340588, 49.2536872004951], [-122.999268046664, 49.2536870802953], [-122.999268714112, 49.2536868891484], [-122.99926932856, 49.2536866305723], [-122.999269872939, 49.2536863121896], [-122.999270331978, 49.2536859416225], [-122.999270695796, 49.253685528839], [-122.999270955409, 49.2536850838067], [-122.999271104529, 49.2536846170798], [-122.999271136869, 49.2536841409715], [-122.999271137767, 49.2536624416848], [-122.999271096444, 49.253662025383], [-122.999271162021, 49.2536616108402], [-122.999271330905, 49.2536612074379], [-122.999271600399, 49.2536608292482], [-122.99927196242, 49.2536604844799], [-122.999272407086, 49.2536601842736], [-122.999272920923, 49.2536599356652], [-122.999273490455, 49.2536597456908], [-122.999274100411, 49.2536596208003], [-122.999274733723, 49.2536595621662], [-122.999275372425, 49.253659573893], [-122.999279969104, 49.2536595914832], [-122.999456698264, 49.2536602669476], [-122.999466322814, 49.2536964224539], [-122.999505900788, 49.2537909433284], [-122.999505095898, 49.2543222592072], [-122.999506764069, 49.2544628387271], [-122.999464588167, 49.2544628381407], [-122.999461835729, 49.2544628381407], [-122.999461897712, 49.2544632045976], [-122.999428661844, 49.2544632040113], [-122.999391574897, 49.2544632040113], [-122.999387135423, 49.2544632040113], [-122.999356306141, 49.2544632040113], [-122.999322129736, 49.254463203425], [-122.99931552622, 49.254463203425], [-122.999287951534, 49.254463203425], [-122.999257581291, 49.254463203425], [-122.999247954944, 49.254463203425], [-122.999244310479, 49.254463203425], [-122.999212687985, 49.2544632028386], [-122.999180690893, 49.2544632028386], [-122.999143604844, 49.2544632022523], [-122.999108336088, 49.2544632022523], [-122.999085364369, 49.2544632022523], [-122.999085724594, 49.254462084119], [-122.999023606092, 49.2544621169535], [-122.998935484956, 49.2544618026801], [-122.998897463762, 49.2544616678239], [-122.998874766928, 49.2544615863239], [-122.998862556128, 49.2544615177232], [-122.998826532787, 49.2544613576548], [-122.998790184255, 49.2544611846871], [-122.998781686193, 49.2544611436439], [-122.998758196146, 49.2544611272267], [-122.998742882566, 49.2544611166727], [-122.998721821564, 49.2544610416224], [-122.998684749889, 49.2544609096979], [-122.998650200683, 49.254460785982], [-122.998611661161, 49.2544606487805], [-122.998576024993, 49.2544605215467], [-122.998558210503, 49.2544604588092], [-122.99854075444, 49.2544603632373], [-122.998505633906, 49.2544601709207], [-122.998505124561, 49.254460169748], [-122.998468758962, 49.2544600841437], [-122.998435319175, 49.2544599956077], [-122.998423236835, 49.2544599774314], [-122.9983967545, 49.2544597851148], [-122.998369408885, 49.2544595881076], [-122.998291325524, 49.254459131942], [-122.998256410703, 49.2544589466614], [-122.998220781723, 49.2544587584491], [-122.99818091449, 49.2544585473699], [-122.998180740217, 49.2544554691315], [-122.998180712369, 49.254452736242], [-122.998180639606, 49.2544512463744], [-122.998179116961, 49.2544292020757], [-122.998180737522, 49.2543468013299], [-122.998180763573, 49.2543450968615], [-122.998180771658, 49.254344300622], [-122.998181024983, 49.2543211533837], [-122.998181632244, 49.2542657032794], [-122.9981816556, 49.2542635021837]]]}},
{"type": "Feature", "properties": {"name": "P26", "type": "parking", "kinds": ["Staff Only", "Tenant"], "label": true, "source": "BCIT ArcGIS Bsite_ParkingBoundaries", "stalls": 14, "hours": "24hrs 7 days/week Mon-Sun 6am-6am", "staffOnly": "No"}, "geometry": {"type": "Polygon", "coordinates": [[[-122.998507329925, 49.2437999026111], [-122.998518725055, 49.2437239064315], [-122.998522815084, 49.243725520952], [-122.998527252762, 49.2437266803806], [-122.998531920408, 49.2437273524621], [-122.998536693157, 49.2437275207757], [-122.998541444346, 49.2437271788704], [-122.998544130309, 49.2437268545588], [-122.998546696796, 49.2437262411231], [-122.99854906745, 49.2437253561571], [-122.998551181186, 49.243724225465], [-122.998552974223, 49.2437228795425], [-122.998554397155, 49.2437213565094], [-122.998555409556, 49.2437197009367], [-122.998555985376, 49.2437179568086], [-122.998559167209, 49.2436864217427], [-122.998633233304, 49.2436855303249], [-122.99864580343, 49.2436856036323], [-122.998668785928, 49.2436857379315], [-122.998834854779, 49.2436863630968], [-122.998832476041, 49.2438485738846], [-122.998514962012, 49.2438495245317], [-122.998514816485, 49.2438495245317], [-122.99851341691, 49.2438324545215], [-122.998511404683, 49.2438189542723], [-122.998507329925, 49.2437999026111]]]}},
{"type": "Feature", "properties": {"name": "P27", "type": "parking", "kinds": ["Staff Only", "Student and Public"], "label": true, "source": "BCIT ArcGIS Bsite_ParkingBoundaries", "stalls": 30, "hours": "Staff: Mon-Fri 6am-4:30pm\nStudent and Daily: Mon-Fri 4:30pm-6am + all day Saturday and Sunday", "staffOnly": "No"}, "geometry": {"type": "Polygon", "coordinates": [[[-122.999899043981, 49.2431435729103], [-122.999912601355, 49.2438927780705], [-122.999841934485, 49.2438926994854], [-122.999843048396, 49.24365853678], [-122.999843061871, 49.2436557311582], [-122.99983842836, 49.2434949448379], [-122.999834305992, 49.2433060798859], [-122.999830812443, 49.2431441441277], [-122.999899043981, 49.2431435729103]]]}},
{"type": "Feature", "properties": {"name": "P28", "type": "parking", "kinds": ["Staff Only", "Student and Public", "Tenant"], "label": false, "source": "BCIT ArcGIS Bsite_ParkingBoundaries", "stalls": 97, "hours": "Staff: Mon-Fri 6am-4:30pm\nStudent and Daily: Mon-Fri 4:30pm-6am + all day Saturday and Sunday", "staffOnly": "No"}, "geometry": {"type": "Polygon", "coordinates": [[[-122.99858670147, 49.2423575146344], [-122.998668387076, 49.2423344913867], [-122.998717895926, 49.2423336357194], [-122.998721742512, 49.2423335500941], [-122.998725510046, 49.2423330375148], [-122.998729088935, 49.2423321126435], [-122.998732372277, 49.2423308024581], [-122.99873488217, 49.2423293849476], [-122.998736341034, 49.2423283322247], [-122.998738248157, 49.2423265845287], [-122.99873974475, 49.2423246732059], [-122.998740796678, 49.2423226398963], [-122.998741015867, 49.2423125014977], [-122.998669695023, 49.2423126440112], [-122.998669041948, 49.2422759441287], [-122.998670787374, 49.2422225231922], [-122.998672973874, 49.242042108636], [-122.998928699082, 49.2420409696946], [-122.998924114979, 49.2422056174196], [-122.998921932073, 49.2423453476261], [-122.998859444364, 49.2423453470396], [-122.998858007958, 49.2423452068721], [-122.998856557178, 49.2423452039398], [-122.998855120772, 49.242345338829], [-122.998853728384, 49.2423456086075], [-122.998852411453, 49.2423460062375], [-122.998851196931, 49.2423465252679], [-122.998850108173, 49.2423471422395], [-122.998849167637, 49.2423478542201], [-122.998848283695, 49.2423487550456], [-122.998847639603, 49.2423497373911], [-122.998847247937, 49.2423507772112], [-122.998847121275, 49.2423518434225], [-122.998847338667, 49.2423916849922], [-122.998847450058, 49.242394049657], [-122.998847044918, 49.2423964002463], [-122.998846128636, 49.2423986886693], [-122.998844721875, 49.2424008680079], [-122.998842851582, 49.2424028948631], [-122.998787843246, 49.242403020955], [-122.998782896223, 49.2424030326845], [-122.998782897122, 49.2424031036479], [-122.998657371036, 49.2424033921933], [-122.99858670147, 49.2423575146344]]]}},
{"type": "Feature", "properties": {"name": "P28", "type": "parking", "kinds": ["Staff Only", "Student and Public", "Tenant"], "label": true, "source": "BCIT ArcGIS Bsite_ParkingBoundaries", "stalls": 97, "hours": "Staff: Mon-Fri 6am-4:30pm\nStudent and Daily: Mon-Fri 4:30pm-6am + all day Saturday and Sunday", "staffOnly": "No"}, "geometry": {"type": "Polygon", "coordinates": [[[-122.999496738871, 49.2430324188069], [-122.999497184435, 49.2429978383655], [-122.999501798182, 49.2429977509819], [-122.999530471508, 49.2429922821746], [-122.999557672495, 49.2429842252863], [-122.999583269989, 49.2429730278632], [-122.99960652288, 49.2429596698907], [-122.999627127538, 49.2429442727658], [-122.999640807083, 49.2429312226812], [-122.999654052742, 49.2429061142196], [-122.999662838265, 49.2428801858621], [-122.999667043279, 49.2428537718947], [-122.999666617477, 49.2428272171605], [-122.999660805378, 49.2424159538844], [-122.999653945842, 49.2423836016145], [-122.999640786421, 49.2423520920879], [-122.999621547203, 49.2423219437502], [-122.999591005382, 49.2422891867505], [-122.999556138172, 49.2422583246331], [-122.999517222256, 49.2422296002028], [-122.99949339085, 49.2422107989404], [-122.999466350661, 49.2421939506385], [-122.999436474492, 49.2421792851981], [-122.999404172871, 49.2421670055422], [-122.999386257769, 49.2421638027907], [-122.999367764152, 49.2421626749952], [-122.999349249874, 49.242163656758], [-122.999331276382, 49.2421667181685], [-122.999314387156, 49.2421717653901], [-122.999292952455, 49.2421807267584], [-122.999277979336, 49.2421893174718], [-122.999265134326, 49.2421988870133], [-122.999254247643, 49.2422094717439], [-122.999245533985, 49.242220883404], [-122.999239141573, 49.2422329302154], [-122.999237406926, 49.2422888548053], [-122.999237686302, 49.2423447898884], [-122.999005236443, 49.242345128871], [-122.999005347834, 49.2422701755524], [-122.999005454733, 49.2422339981888], [-122.999010572436, 49.2422069710076], [-122.999020630872, 49.2421805414317], [-122.999035483617, 49.2421550924316], [-122.999054914176, 49.2421309952491], [-122.999078641378, 49.2421085964945], [-122.999081345307, 49.2421063755031], [-122.999081392019, 49.2421063455927], [-122.99912067894, 49.2420894034187], [-122.999162836876, 49.2420757132605], [-122.999207236109, 49.2420654792152], [-122.999253213682, 49.2420588555289], [-122.99930008418, 49.2420559395583], [-122.99934715141, 49.2420567735306], [-122.999393712887, 49.242061348062], [-122.999439071521, 49.2420695927739], [-122.999482553574, 49.2420813845042], [-122.999540423943, 49.2421089712538], [-122.999594164757, 49.2421399149849], [-122.999643321467, 49.2421739535359], [-122.999687477257, 49.242210797181], [-122.999724088096, 49.242246534118], [-122.999756412175, 49.2422839935084], [-122.999784259949, 49.242322954247], [-122.99979664592, 49.2423514422737], [-122.999805748549, 49.2423804528327], [-122.999811522919, 49.2424098252293], [-122.999811522919, 49.2425558969718], [-122.999814702057, 49.2428560731987], [-122.999815937241, 49.2428831821302], [-122.999812131079, 49.2429101890013], [-122.999803341962, 49.2429366956005], [-122.999794564523, 49.2429533700545], [-122.999782412114, 49.2429691167112], [-122.999767110212, 49.2429836435107], [-122.99975200504, 49.2429947042845], [-122.9997364031, 49.243003869594], [-122.999715275623, 49.2430136002561], [-122.999712489049, 49.2430146934307], [-122.999684043896, 49.243023717398], [-122.999653759891, 49.2430296682775], [-122.999622410484, 49.2430323941753], [-122.999590796973, 49.243031824716], [-122.999496738871, 49.2430324188069]]]}},
{"type": "Feature", "properties": {"name": "P28", "type": "parking", "kinds": ["Staff Only", "Student and Public", "Tenant"], "label": false, "source": "BCIT ArcGIS Bsite_ParkingBoundaries", "stalls": 97, "hours": "Staff: Mon-Fri 6am-4:30pm\nStudent and Daily: Mon-Fri 4:30pm-6am + all day Saturday and Sunday", "staffOnly": "No"}, "geometry": {"type": "MultiPolygon", "coordinates": [[[[-122.99858670147, 49.2423575146344], [-122.998668387076, 49.2423344913867], [-122.998717895926, 49.2423336357194], [-122.998721742512, 49.2423335506806], [-122.998725510046, 49.2423330375148], [-122.998729088036, 49.2423321126435], [-122.998732372277, 49.2423308024581], [-122.99873488217, 49.2423293849476], [-122.998736341034, 49.2423283322247], [-122.998738248157, 49.2423265845287], [-122.99873974475, 49.2423246732059], [-122.998740796678, 49.2423226398963], [-122.998741015867, 49.2423125014977], [-122.998669695023, 49.2423126440112], [-122.998669041948, 49.2422759441287], [-122.998670787374, 49.2422225231922], [-122.998672973874, 49.242042108636], [-122.998928699082, 49.2420409696946], [-122.998924114979, 49.2422056174196], [-122.998921932073, 49.2423453476261], [-122.998859444364, 49.2423453470396], [-122.998858007958, 49.2423452068721], [-122.998856557178, 49.2423452045262], [-122.998855119874, 49.2423453394154], [-122.998853728384, 49.2423456086075], [-122.998852411453, 49.242346006824], [-122.998851196931, 49.2423465252679], [-122.998850108173, 49.2423471422395], [-122.998849167637, 49.2423478542201], [-122.998848284593, 49.2423487550456], [-122.998847639603, 49.2423497379776], [-122.998847247937, 49.2423507772112], [-122.998847121275, 49.2423518434225], [-122.998847338667, 49.2423916849922], [-122.998847450956, 49.242394049657], [-122.998847044918, 49.2423964002463], [-122.998846128636, 49.2423986886693], [-122.998844720976, 49.2424008685943], [-122.998842851582, 49.2424028948631], [-122.998787843246, 49.242403020955], [-122.998782896223, 49.2424030326845], [-122.998782897122, 49.2424031036479], [-122.998657371036, 49.2424033921933], [-122.99858670147, 49.2423575146344]]], [[[-122.998424458544, 49.242909066501], [-122.998427134625, 49.2423784541274], [-122.99851165172, 49.242378636521], [-122.998508973842, 49.2429092471332], [-122.998424458544, 49.242909066501]]]]}},
{"type": "Feature", "properties": {"name": "P28", "type": "parking", "kinds": ["Staff Only", "Student and Public", "Tenant"], "label": false, "source": "BCIT ArcGIS Bsite_ParkingBoundaries", "stalls": 97, "hours": "Staff: Mon-Fri 6am-4:30pm\nStudent and Daily: Mon-Fri 4:30pm-6am + all day Saturday and Sunday", "staffOnly": "No"}, "geometry": {"type": "Polygon", "coordinates": [[[-122.999496738871, 49.2430324188069], [-122.999497184435, 49.2429978383655], [-122.999501798182, 49.2429977509819], [-122.99953047061, 49.2429922821746], [-122.999557672495, 49.2429842252863], [-122.999583269989, 49.2429730278632], [-122.99960652288, 49.2429596698907], [-122.999627127538, 49.2429442727658], [-122.999640807083, 49.2429312226812], [-122.99965405364, 49.2429061148061], [-122.999662837367, 49.2428801852756], [-122.999667043279, 49.2428537718947], [-122.999666617477, 49.2428272171605], [-122.999660805378, 49.2424159538844], [-122.999653944944, 49.242383602201], [-122.99964078732, 49.2423520920879], [-122.999621547203, 49.2423219437502], [-122.999591004483, 49.2422891867505], [-122.999556138172, 49.2422583252196], [-122.999517222256, 49.2422296002028], [-122.99949339085, 49.2422107995269], [-122.999466350661, 49.2421939506385], [-122.999436474492, 49.2421792851981], [-122.999404172871, 49.2421670055422], [-122.999386257769, 49.2421638027907], [-122.999367763254, 49.2421626749952], [-122.999349249874, 49.242163656758], [-122.999331276382, 49.242166717582], [-122.999314387156, 49.2421717653901], [-122.999292952455, 49.2421807267584], [-122.999277979336, 49.2421893174718], [-122.999265134326, 49.2421988870133], [-122.999254246745, 49.2422094723304], [-122.999245533985, 49.2422208828175], [-122.999239141573, 49.2422329302154], [-122.999237406926, 49.2422888548053], [-122.999237686302, 49.2423447898884], [-122.999005236443, 49.242345128871], [-122.999005347834, 49.2422701755524], [-122.999005454733, 49.2422339981888], [-122.999010572436, 49.2422069710076], [-122.999020630872, 49.2421805414317], [-122.999035482718, 49.2421550924316], [-122.999054914176, 49.2421309946626], [-122.999078641378, 49.2421085964945], [-122.999081345307, 49.2421063755031], [-122.999081392019, 49.2421063455927], [-122.99912067894, 49.2420894034187], [-122.999162836876, 49.2420757132605], [-122.999207235211, 49.2420654798017], [-122.999253213682, 49.2420588555289], [-122.999300085079, 49.2420559395583], [-122.999347152308, 49.2420567741171], [-122.999393712887, 49.242061348062], [-122.999439071521, 49.2420695921874], [-122.999482553574, 49.2420813845042], [-122.999540423943, 49.2421089718403], [-122.999594164757, 49.2421399155714], [-122.999643321467, 49.2421739535359], [-122.999687477257, 49.242210797181], [-122.999724088096, 49.2422465347045], [-122.999756412175, 49.2422839935084], [-122.999784259949, 49.242322954247], [-122.999796645022, 49.2423514422737], [-122.999805749447, 49.2423804528327], [-122.999811522919, 49.2424098252293], [-122.999811522919, 49.2425558969718], [-122.999814702057, 49.2428560731987], [-122.999815936342, 49.2428831821302], [-122.999812131079, 49.2429101890013], [-122.999803341962, 49.2429366956005], [-122.999794564523, 49.2429533700545], [-122.999782413013, 49.2429691161247], [-122.999767110212, 49.2429836435107], [-122.99975200504, 49.2429947042845], [-122.9997364031, 49.243003869594], [-122.999715275623, 49.2430136002561], [-122.999712489049, 49.2430146934307], [-122.999684043896, 49.243023717398], [-122.999653759891, 49.2430296682775], [-122.999622410484, 49.2430323935888], [-122.999590796973, 49.243031824716], [-122.999496738871, 49.2430324188069]]]}},
{"type": "Feature", "properties": {"name": "P29", "type": "parking", "kinds": ["Staff Only"], "label": true, "source": "BCIT ArcGIS Bsite_ParkingBoundaries", "stalls": 72, "hours": "Staff: 24/7 Mon-Sun", "staffOnly": "Yes"}, "geometry": {"type": "MultiPolygon", "coordinates": [[[[-123.003979464191, 49.2464810217691], [-123.0039724744, 49.2464402241053], [-123.00396640089, 49.2464010121059], [-123.003960551959, 49.246358697875], [-123.003956478099, 49.2463255219116], [-123.00395180686, 49.246281936826], [-123.003949155931, 49.246253281589], [-123.003946902957, 49.2462254772437], [-123.003944517031, 49.246190566533], [-123.003942588348, 49.2461548740867], [-123.003941203146, 49.2461200595005], [-123.003940489884, 49.2460941650843], [-123.003939943708, 49.2460574474871], [-123.003888852026, 49.246059531076], [-123.003888728059, 49.2460583851901], [-123.003887885439, 49.2460561538205], [-123.003886480474, 49.2460540461878], [-123.003884548198, 49.2460521244536], [-123.003882147899, 49.2460504437425], [-123.003879346952, 49.2460490509689], [-123.003876225307, 49.2460479871831], [-123.00381188078, 49.2460465609829], [-123.003812182614, 49.2460223636602], [-123.003812473668, 49.2459989515577], [-123.003812762027, 49.245975806857], [-123.003813054878, 49.2459522469514], [-123.003813345932, 49.2459289714544], [-123.003813639681, 49.2459054138722], [-123.00381393343, 49.2458817548259], [-123.003814211908, 49.2458594809236], [-123.003814511945, 49.245835295238], [-123.003814792219, 49.2458128412796], [-123.003815091358, 49.2457888367792], [-123.003815377921, 49.2457658104397], [-123.003815553092, 49.2457517987618], [-123.003815672568, 49.2457421953092], [-123.003815960928, 49.2457189695601], [-123.003816216049, 49.2456984865573], [-123.00386529281, 49.2456974145538], [-123.00386849171, 49.2456974972412], [-123.003871673543, 49.2456972720501], [-123.003874770934, 49.2456967442584], [-123.003877714714, 49.2456959244221], [-123.003880443795, 49.2456948324798], [-123.003882896196, 49.2456934895431], [-123.003885253375, 49.2456917237867], [-123.003887134448, 49.2456897281475], [-123.003888490005, 49.2456875606828], [-123.003889284116, 49.2456852753445], [-123.003889951564, 49.2456828334278], [-123.003889976717, 49.2456803533926], [-123.00388935688, 49.2456779056114], [-123.003888110018, 49.2456755628019], [-123.00388627476, 49.2456733900586], [-123.003883901411, 49.2456714530623], [-123.00388106004, 49.245669805765], [-123.003877832393, 49.2456684974274], [-123.003814577522, 49.2456688563259], [-123.003813981041, 49.2456464726641], [-123.003813381864, 49.2456239324137], [-123.003812746756, 49.2456000697391], [-123.00381212602, 49.2455768028726], [-123.003811510674, 49.2455536691163], [-123.003810868378, 49.2455295530669], [-123.003810266507, 49.2455069758176], [-123.003809634991, 49.2454832778755], [-123.003809526295, 49.2454791687063], [-123.003809016052, 49.2454599992252], [-123.003808415978, 49.2454374319135], [-123.003807797038, 49.2454141937058], [-123.003807172709, 49.2453907942165], [-123.003806550177, 49.2453673560112], [-123.00380595639, 49.2453450859819], [-123.003805280857, 49.2453197113312], [-123.003879293053, 49.2453193119658], [-123.004004856869, 49.2453186340415], [-123.004008305501, 49.2453186123433], [-123.004016723614, 49.2453171843627], [-123.004024414989, 49.2453131977455], [-123.004027829486, 49.2453102854858], [-123.004028401713, 49.245309592314], [-123.004030703196, 49.2453053799169], [-123.004028842785, 49.2452773639194], [-123.004261424697, 49.2452755570973], [-123.004523422841, 49.2452732752585], [-123.004524112748, 49.245301425553], [-123.004526286671, 49.2453835053681], [-123.004526124075, 49.2453835088867], [-123.00452613216, 49.2453838572314], [-123.004515838365, 49.2453837305606], [-123.004351609264, 49.2453872697192], [-123.004159601558, 49.2453868809102], [-123.004061590869, 49.2453868422053], [-123.004041494658, 49.2453862680816], [-123.00400828484, 49.2453856036464], [-123.004008278552, 49.2453853209828], [-123.004004789495, 49.2453853573421], [-123.004001760376, 49.2453856317955], [-123.003998843546, 49.2453862323088], [-123.003996119855, 49.2453871418755], [-123.00399366925, 49.245388335865], [-123.003991557311, 49.2453897796774], [-123.003989843326, 49.2453914340213], [-123.003988576701, 49.2453932508086], [-123.003987977525, 49.2453945796789], [-123.003987339721, 49.24539579478], [-123.003986900445, 49.2453970462402], [-123.00398661478, 49.2453989990812], [-123.00398680702, 49.2454009566136], [-123.003987469977, 49.2454028695765], [-123.003988588379, 49.2454046904685], [-123.00399013438, 49.2454063723745], [-123.003992067554, 49.2454078742438], [-123.003994340292, 49.2454091573715], [-123.003997051407, 49.2454106293323], [-123.00400010029, 49.2454117852027], [-123.004003404293, 49.24541258921], [-123.004006868197, 49.2454130208288], [-123.004010394084, 49.245413066571], [-123.004013880446, 49.2454127264366], [-123.004033827537, 49.2454136606332], [-123.004053413505, 49.2454162955015], [-123.004053508726, 49.2454383057065], [-123.004053603049, 49.2454602953763], [-123.004053693779, 49.2454815754468], [-123.004053785408, 49.2455027088987], [-123.004053873442, 49.2455232711517], [-123.004053965969, 49.2455446913534], [-123.004054056699, 49.2455658247783], [-123.004054144734, 49.245586529509], [-123.004054234565, 49.2456073784945], [-123.004054339668, 49.2456316845111], [-123.004006172901, 49.2456328761489], [-123.004003466277, 49.2456338162057], [-123.004000944706, 49.2456349562371], [-123.003998646815, 49.2456362804093], [-123.003993249737, 49.2456413249306], [-123.003991959756, 49.2456435610104], [-123.003991157561, 49.2456458926791], [-123.003990858422, 49.2456482736083], [-123.003996471994, 49.2457613195253], [-123.003996525893, 49.2457628565699], [-123.00399692744, 49.2457643713298], [-123.003997666753, 49.2457658315514], [-123.003998726765, 49.2457672038077], [-123.004000087713, 49.2457684587772], [-123.004013632511, 49.2457721714928], [-123.004069470891, 49.2457736927033], [-123.004069229244, 49.2457998793317], [-123.004069020835, 49.2458225315106], [-123.004068812426, 49.2458451877842], [-123.004068627373, 49.2458653739909], [-123.004068424353, 49.2458874678556], [-123.004068215944, 49.24591011413], [-123.004068020112, 49.2459314461991], [-123.004067806312, 49.2459546812312], [-123.004067614073, 49.2459756203716], [-123.004067413749, 49.2459973230372], [-123.004067204441, 49.2460201721664], [-123.004067008609, 49.2460415041879], [-123.004066806488, 49.2460633874452], [-123.004066587299, 49.2460872809767], [-123.00401394782, 49.246090519246], [-123.004009990741, 49.2460911860175], [-123.004006250156, 49.2460922597717], [-123.00400282488, 49.2460937135328], [-123.003999800252, 49.2460955103557], [-123.003997260715, 49.2460975998073], [-123.00399526915, 49.2460999308681], [-123.003993880354, 49.2461024396172], [-123.003993129363, 49.2461050615473], [-123.003993009887, 49.2461074653251], [-123.003992726918, 49.2461897185562], [-123.003993300941, 49.2461916801622], [-123.003994289088, 49.246193569051], [-123.003995673392, 49.2461953512095], [-123.00399742331, 49.2461969879335], [-123.003999509198, 49.2461984499015], [-123.004003686364, 49.2462004431744], [-123.004006982283, 49.2462014260297], [-123.004010484814, 49.2462020376754], [-123.004014093347, 49.246202259932], [-123.004017708167, 49.2462020857625], [-123.004021227767, 49.2462015216176], [-123.004061877432, 49.2462002766285], [-123.004064230119, 49.2462273942798], [-123.004066283668, 49.2462510678212], [-123.004068309369, 49.2462744223342], [-123.004070438376, 49.2462989590751], [-123.004072565587, 49.2463234846617], [-123.004074567932, 49.2463465670382], [-123.004077358997, 49.2463787384378], [-123.004080025197, 49.2464094695526], [-123.004030940352, 49.2464137692331], [-123.004027538432, 49.246413710004], [-123.004024167953, 49.2464140161187], [-123.004020921441, 49.2464146793672], [-123.004017885136, 49.2464156815703], [-123.004015140782, 49.2464169963389], [-123.00401276384, 49.2464185867278], [-123.004010821682, 49.2464204105145], [-123.004009363717, 49.2464224184391], [-123.004008431265, 49.2464245536181], [-123.004008047685, 49.2464267609275], [-123.004008038702, 49.2464273356255], [-123.004008169856, 49.2464277971431], [-123.004008389943, 49.2464285553926], [-123.004013502255, 49.2464435444511], [-123.004016038199, 49.2464497077912], [-123.004017846508, 49.2464511726839], [-123.004020006058, 49.246452419426], [-123.004022454865, 49.246453412832], [-123.004025124658, 49.2464541229941], [-123.00409422307, 49.2464473802654], [-123.004130081121, 49.2465820569768], [-123.004001824157, 49.2465913805416], [-123.003993593792, 49.2465535860515], [-123.003985897027, 49.2465154543378], [-123.003979464191, 49.2464810217691]]], [[[-123.00479978864, 49.2469308441253], [-123.004739692246, 49.2469111140031], [-123.004700142119, 49.2468944156694], [-123.004671758949, 49.2468802594657], [-123.004641592624, 49.2468628404098], [-123.00462368381, 49.246851130161], [-123.004593092582, 49.2468282028358], [-123.004451038392, 49.2469266142739], [-123.004407014655, 49.2468986079926], [-123.004407290438, 49.2468984549368], [-123.004409206545, 49.2468970000265], [-123.004411095702, 49.2468954970296], [-123.004412621041, 49.2468938274892], [-123.004413744833, 49.2468920265904], [-123.004414443723, 49.2468901353827], [-123.004414702438, 49.2468881990206], [-123.004414476062, 49.2468860879048], [-123.004413727765, 49.2468840289805], [-123.004412477311, 49.2468820767847], [-123.004369043767, 49.2468527926658], [-123.004461079761, 49.2467926621473], [-123.004542318005, 49.2467395873951], [-123.004586728018, 49.2467681133369], [-123.004621626668, 49.2467435504401], [-123.004693861997, 49.2467830155019], [-123.004768913544, 49.246820175308], [-123.004812922908, 49.2468407141419], [-123.004859583201, 49.2468585894414], [-123.004888469427, 49.2468679053305], [-123.004877748932, 49.2469000359274], [-123.004877645626, 49.2469021986477], [-123.004878057054, 49.2469043437751], [-123.004878972438, 49.2469064226369], [-123.00488036842, 49.2469083842144], [-123.004882212661, 49.2469101804213], [-123.004884460246, 49.2469117702079], [-123.004887059072, 49.2469131131114], [-123.004889942664, 49.2469141768786], [-123.004893044547, 49.2469149368798], [-123.004896472518, 49.2469153854917], [-123.00491428611, 49.2469176461434], [-123.004919375964, 49.2469181217305], [-123.004923100379, 49.2469178906808], [-123.004926717895, 49.2469172643836], [-123.004930129696, 49.2469162592585], [-123.004933241461, 49.2469149016946], [-123.004935970542, 49.2469132315684], [-123.004938242382, 49.2469112899293], [-123.004939996792, 49.2469091319009], [-123.004941187059, 49.2469068155388], [-123.004951726094, 49.2468769467727], [-123.005147853474, 49.246862182445], [-123.005160035527, 49.2469039502867], [-123.005170968024, 49.2469414231503], [-123.005135007565, 49.2469481669843], [-123.005097124711, 49.2469533802606], [-123.005057941097, 49.2469568237201], [-123.005005084225, 49.246958426993], [-123.004952548951, 49.2469565961891], [-123.004909963417, 49.2469525721735], [-123.004871877544, 49.2469469783103], [-123.004827015678, 49.2469378342573], [-123.00479978864, 49.2469308441253]]], [[[-123.004891928839, 49.2469147914475], [-123.004888089439, 49.2469136713839], [-123.004889954342, 49.2469143129282], [-123.004891928839, 49.2469147914475]]]]}},
{"type": "Feature", "properties": {"name": "P5", "type": "parking", "kinds": ["Staff Only", "Student and Public"], "label": true, "source": "BCIT ArcGIS Bsite_ParkingBoundaries", "stalls": 123, "hours": "Staff: Mon-Fri 6am-4:30pm\nStudent and Daily: Mon-Fri 4:30pm-6am + all day Saturday and Sunday", "staffOnly": "No"}, "geometry": {"type": "Polygon", "coordinates": [[[-122.999770222874, 49.2504270134018], [-122.999790169067, 49.2504266697837], [-122.999818923241, 49.2504266017638], [-122.999818923241, 49.2503417614459], [-122.999818924139, 49.2501886098927], [-123.000538851076, 49.2501891141811], [-123.000539196029, 49.2502071143405], [-123.000539196029, 49.2502364838407], [-123.000606121416, 49.2502364861862], [-123.000606121416, 49.2502175261311], [-123.000606120517, 49.2501891270815], [-123.00100422241, 49.2501900177955], [-123.001004223309, 49.2502386640061], [-123.001079599147, 49.2502386634197], [-123.001079600046, 49.2502388446115], [-123.001079653945, 49.2502388463707], [-123.001079657538, 49.2504134357944], [-123.001079658436, 49.2504408320072], [-123.001007715958, 49.2504408325936], [-123.001007716857, 49.2504911057567], [-123.000962576514, 49.250491106343], [-123.000962577412, 49.2505400741783], [-123.000610047952, 49.2505407901454], [-123.000610047053, 49.2504886670096], [-123.000539003789, 49.2504886675959], [-123.000538320171, 49.2505377796825], [-123.000520786854, 49.2505377392225], [-123.000520786854, 49.2505377022807], [-123.0003787668, 49.2505372607383], [-123.000371123934, 49.2505372677748], [-123.000309748339, 49.2505370736838], [-123.000251146741, 49.2505368872157], [-122.999818923241, 49.2505355174374], [-122.999818923241, 49.2504859702558], [-122.999794611236, 49.2504859702558], [-122.999769956074, 49.2504859878472], [-122.999770222874, 49.2504270134018]]]}},
{"type": "Feature", "properties": {"name": "P7", "type": "parking", "kinds": ["Service Vehicle (Contractor) Daily Parking", "Student and Public"], "label": true, "source": "BCIT ArcGIS Bsite_ParkingBoundaries", "stalls": 600, "hours": "Staff: Mon-Fri 6am-4:30pm\nStudent and Daily: Mon-Fri 4:30pm-6am + all day Saturday and Sunday", "staffOnly": "No"}, "geometry": {"type": "Polygon", "coordinates": [[[-122.998366482173, 49.249657959638], [-122.998369178018, 49.2494081635287], [-122.998969231068, 49.2494120929353], [-122.998969231068, 49.249407591211], [-122.998969235559, 49.2491764212253], [-122.998969237356, 49.2490932828224], [-122.998969237356, 49.2490928066697], [-122.998969243644, 49.2487879109053], [-122.998954868803, 49.2487877813112], [-122.998954863413, 49.2487876481987], [-122.99895624592, 49.2487873778691], [-122.998957539494, 49.2487869615261], [-122.998958710898, 49.2487864091388], [-122.998959721502, 49.2487857377125], [-122.998960547952, 49.2487849636665], [-122.998961165095, 49.2487841122159], [-122.998961553167, 49.2487832050574], [-122.998961705881, 49.2487822679926], [-122.998961707677, 49.2487296703624], [-122.998960979144, 49.2487262891848], [-122.998959371159, 49.2487230387739], [-122.998956932233, 49.248720017645], [-122.998953736926, 49.2487173143443], [-122.99894987417, 49.2487150103814], [-122.998945463442, 49.2487131743651], [-122.998940634997, 49.2487118596578], [-122.998935531668, 49.2487111067209], [-122.999108014491, 49.2487120238496], [-122.999107655165, 49.2487120443735], [-122.999097035282, 49.2487131204164], [-122.999086696571, 49.2487150344238], [-122.999082358607, 49.2487158858756], [-122.999077961353, 49.2487171225917], [-122.999073819221, 49.2487186888643], [-122.999068496703, 49.2487214250032], [-122.999063940448, 49.2487246982837], [-122.999060278915, 49.2487284189866], [-122.999057611817, 49.2487324839054], [-122.999057610919, 49.2487797699348], [-122.999057497731, 49.2487805615728], [-122.999057584868, 49.2487813549701], [-122.99905786604, 49.2487821284297], [-122.999058335859, 49.2487828614279], [-122.999058983545, 49.2487835351998], [-122.999059788435, 49.2487841315671], [-122.999060753226, 49.248784643493], [-122.999061834797, 49.2487850428303], [-122.999063002607, 49.2487853201968], [-122.999064277317, 49.2487854667964], [-122.999065574484, 49.2487854673828], [-122.99906685099, 49.2487853207832], [-122.999068068207, 49.2487850328616], [-122.999069192898, 49.2487846124138], [-122.999070189129, 49.2487840717544], [-122.999071025461, 49.2487834255432], [-122.999071678536, 49.2487826954771], [-122.999072127694, 49.2487819009071], [-122.999072359459, 49.2487810688076], [-122.999072369341, 49.2487802232209], [-122.999072153745, 49.2487793893621], [-122.999072154643, 49.2487357876779], [-122.99928957479, 49.2487361043334], [-122.999402307968, 49.2487362679388], [-122.999598576383, 49.2487365529287], [-122.99959886564, 49.2489023904117], [-122.999599737006, 49.2490508993585], [-122.999599445952, 49.2490708936762], [-122.999599463918, 49.2490711006737], [-122.999597335809, 49.2492281475856], [-122.999599860974, 49.249412150988], [-122.999599951704, 49.2494187343998], [-122.999598203582, 49.2497391743266], [-122.999599731616, 49.2498886436011], [-122.999599741498, 49.2498895724355], [-122.999599740599, 49.250048093844], [-122.999599739701, 49.2501556493595], [-122.999599738803, 49.2501743936498], [-122.999599737905, 49.2503561641094], [-122.999599737905, 49.2503716339797], [-122.999599737905, 49.2503855939181], [-122.999599737006, 49.2504232629217], [-122.998822772439, 49.2504266410512], [-122.998824428932, 49.2505296413461], [-122.998741276378, 49.2505296407597], [-122.998737386673, 49.2505297433758], [-122.998733534697, 49.2505301174848], [-122.998730470543, 49.250530934309], [-122.998727632765, 49.2505320478404], [-122.998725089635, 49.2505334299328], [-122.998722793541, 49.2505351374647], [-122.99872094391, 49.2505370625426], [-122.998719588352, 49.2505391553245], [-122.9987187628, 49.2505413630364], [-122.998718487916, 49.2505436282131], [-122.998718487916, 49.250548119279], [-122.998718483424, 49.2509169394132], [-122.998009452154, 49.2509186844597], [-122.998018128083, 49.2505683973833], [-122.998021570427, 49.2504598078087], [-122.998028871035, 49.2504239612991], [-122.998049207995, 49.2503710370453], [-122.998067564169, 49.250333210852], [-122.998330756175, 49.2497484451067], [-122.998366482173, 49.249657959638]]]}},
{"type": "Feature", "properties": {"name": "P7", "type": "parking", "kinds": ["Service Vehicle (Contractor) Daily Parking", "Student and Public"], "label": false, "source": "BCIT ArcGIS Bsite_ParkingBoundaries", "stalls": 600, "hours": "Staff: Mon-Fri 6am-4:30pm\nStudent and Daily: Mon-Fri 4:30pm-6am + all day Saturday and Sunday", "staffOnly": "No"}, "geometry": {"type": "Polygon", "coordinates": [[[-122.998366482173, 49.249657959638], [-122.998369178018, 49.2494081635287], [-122.998969231068, 49.2494120929353], [-122.998969231068, 49.249407591211], [-122.998969235559, 49.2491764212253], [-122.998969237356, 49.2490932828224], [-122.998969237356, 49.2490928066697], [-122.998969243644, 49.2487879109053], [-122.998954868803, 49.2487877813112], [-122.998954863413, 49.2487876481987], [-122.99895624592, 49.2487873778691], [-122.998957539494, 49.2487869615261], [-122.998958710898, 49.2487864091388], [-122.998959721502, 49.2487857377125], [-122.998960547952, 49.2487849636665], [-122.998961165095, 49.2487841122159], [-122.998961553167, 49.2487832050574], [-122.998961705881, 49.2487822679926], [-122.998961707677, 49.2487296703624], [-122.998960979144, 49.2487262891848], [-122.998959371159, 49.2487230387739], [-122.998956932233, 49.248720017645], [-122.998953736926, 49.2487173143443], [-122.99894987417, 49.2487150103814], [-122.998945463442, 49.2487131743651], [-122.998940634997, 49.2487118596578], [-122.998935531668, 49.2487111067209], [-122.999108014491, 49.2487120238496], [-122.999107655165, 49.2487120443735], [-122.999097035282, 49.2487131204164], [-122.999086696571, 49.2487150344238], [-122.999082358607, 49.2487158858756], [-122.999077961353, 49.2487171225917], [-122.999073819221, 49.2487186888643], [-122.999068496703, 49.2487214250032], [-122.999063940448, 49.2487246982837], [-122.999060278915, 49.2487284189866], [-122.999057611817, 49.2487324839054], [-122.999057610919, 49.2487797699348], [-122.999057497731, 49.2487805615728], [-122.999057584868, 49.2487813549701], [-122.99905786604, 49.2487821284297], [-122.999058335859, 49.2487828614279], [-122.999058983545, 49.2487835351998], [-122.999059788435, 49.2487841315671], [-122.999060753226, 49.248784643493], [-122.999061834797, 49.2487850428303], [-122.999063002607, 49.2487853201968], [-122.999064277317, 49.2487854667964], [-122.999065574484, 49.2487854673828], [-122.99906685099, 49.2487853207832], [-122.999068068207, 49.2487850328616], [-122.999069192898, 49.2487846124138], [-122.999070189129, 49.2487840717544], [-122.999071025461, 49.2487834255432], [-122.999071678536, 49.2487826954771], [-122.999072127694, 49.2487819009071], [-122.999072359459, 49.2487810688076], [-122.999072369341, 49.2487802232209], [-122.999072153745, 49.2487793893621], [-122.999072154643, 49.2487357876779], [-122.99928957479, 49.2487361043334], [-122.999402307968, 49.2487362679388], [-122.999598576383, 49.2487365529287], [-122.99959886564, 49.2489023904117], [-122.999599737006, 49.2490508993585], [-122.999599445952, 49.2490708936762], [-122.999599463918, 49.2490711006737], [-122.999597335809, 49.2492281475856], [-122.999599860974, 49.249412150988], [-122.999599951704, 49.2494187343998], [-122.999598203582, 49.2497391743266], [-122.999599731616, 49.2498886436011], [-122.999599741498, 49.2498895724355], [-122.999599740599, 49.250048093844], [-122.999599739701, 49.2501556493595], [-122.999599738803, 49.2501743936498], [-122.999599737905, 49.2503561641094], [-122.999599737905, 49.2503716339797], [-122.999599737905, 49.2503855939181], [-122.999599737006, 49.2504232629217], [-122.998822772439, 49.2504266410512], [-122.998824428932, 49.2505296413461], [-122.998741276378, 49.2505296407597], [-122.998737386673, 49.2505297433758], [-122.998733534697, 49.2505301174848], [-122.998730470543, 49.250530934309], [-122.998727632765, 49.2505320478404], [-122.998725089635, 49.2505334299328], [-122.998722793541, 49.2505351374647], [-122.99872094391, 49.2505370625426], [-122.998719588352, 49.2505391553245], [-122.9987187628, 49.2505413630364], [-122.998718487916, 49.2505436282131], [-122.998718487916, 49.250548119279], [-122.998718483424, 49.2509169394132], [-122.998009452154, 49.2509186844597], [-122.998018719174, 49.2505445288891], [-122.998021570427, 49.2504598078087], [-122.998028871035, 49.2504239612991], [-122.998330756175, 49.2497484451067], [-122.998366482173, 49.249657959638]]]}},
{"type": "Feature", "properties": {"name": "P8", "type": "parking", "kinds": ["Staff Only"], "label": true, "source": "BCIT ArcGIS Bsite_ParkingBoundaries", "stalls": 72, "hours": "Staff: 24/7 Mon-Sun", "staffOnly": "Yes"}, "geometry": {"type": "MultiPolygon", "coordinates": [[[[-122.998822772439, 49.2504266410512], [-122.999599739701, 49.2504235209284], [-122.99960019874, 49.2504722742162], [-122.998823231478, 49.2504753937495], [-122.998822772439, 49.2504266410512]]], [[[-122.999563608562, 49.2510414479763], [-122.999559958707, 49.2510413910982], [-122.999556337598, 49.2510417071526], [-122.999474254937, 49.2510417065662], [-122.999474049223, 49.2510393663567], [-122.99947330452, 49.2510370712978], [-122.999472039692, 49.2510348765083], [-122.999470285282, 49.2510328300707], [-122.999468078122, 49.2510309800677], [-122.99946648451, 49.2510296630766], [-122.999464598048, 49.2510285214106], [-122.999462463651, 49.2510275849747], [-122.999460133421, 49.2510268754648], [-122.999457663054, 49.2510264081264], [-122.99945511094, 49.2510261976189], [-122.999453526312, 49.2510261976189], [-122.999347001391, 49.2510262152101], [-122.999347000493, 49.2510243130197], [-122.999346921441, 49.2510243112606], [-122.999347172071, 49.2509758358722], [-122.999348952532, 49.2506310189222], [-122.99934919328, 49.2505835370568], [-122.999537948186, 49.2505851020973], [-122.99953947083, 49.2505856949246], [-122.999608251238, 49.2505856855426], [-122.999608245849, 49.250743014374], [-122.999608244052, 49.2509440028731], [-122.999533041588, 49.2509440022867], [-122.999529038695, 49.2509461155744], [-122.999525606232, 49.2509486199727], [-122.999522833133, 49.2509514515669], [-122.999520791262, 49.2509545358875], [-122.999519532723, 49.2509577937742], [-122.999519090752, 49.2509611431349], [-122.999519476129, 49.2509644924954], [-122.999520678973, 49.2509677609361], [-122.999522668741, 49.2509708593287], [-122.999525391535, 49.2509737108582], [-122.999528781777, 49.2509762404691], [-122.999644438971, 49.2509769517389], [-122.999644374293, 49.251019758669], [-122.999644340157, 49.2510419246964], [-122.999607547858, 49.2510417071526], [-122.999563608562, 49.2510414479763]]], [[[-122.998765726723, 49.2514861262239], [-122.998765749181, 49.2505913517042], [-122.998798905998, 49.2505913522906], [-122.998798879049, 49.251686743461], [-122.998764864341, 49.251686743461], [-122.998764864341, 49.2516861477151], [-122.998764867934, 49.2515343982287], [-122.998765726723, 49.2514861262239]]]]}},
{"type": "Feature", "properties": {"name": "Service Vehicle Lot", "type": "parking", "kinds": ["Service Vehicle (Contractor) Daily Parking"], "label": true, "source": "BCIT ArcGIS Bsite_ParkingBoundaries", "hours": "24hrs 7 days/week Mon-Sun 6am-6am", "staffOnly": "No"}, "geometry": {"type": "MultiPolygon", "coordinates": [[[[-123.003812033493, 49.2508904845941], [-123.003812859045, 49.2507783628198], [-123.003890640572, 49.2507786067517], [-123.00388981502, 49.2508907296982], [-123.003812033493, 49.2508904845941]]], [[[-123.002524310212, 49.252564193076], [-123.002524169176, 49.252546284661], [-123.002730872421, 49.2525465801833], [-123.002722587259, 49.2525508916427], [-123.00272097119, 49.252552592655], [-123.002719761159, 49.2525544332193], [-123.002718984117, 49.252556370532], [-123.002717787561, 49.2525615750071], [-123.002717532439, 49.252566836358], [-123.002718389432, 49.2525975823845], [-123.002524547367, 49.2525943879321], [-123.002524310212, 49.252564193076]]]]}},
{"type": "Feature", "properties": {"name": "V6", "type": "parking", "kinds": ["Hourly"], "label": true, "source": "BCIT ArcGIS Bsite_ParkingBoundaries", "stalls": 60, "hours": "24hrs 7 days/week Mon-Sun 6am-6am", "staffOnly": "No"}, "geometry": {"type": "Polygon", "coordinates": [[[-123.003677546712, 49.2524067820952], [-123.002961033373, 49.2524089052883], [-123.002957234398, 49.2518628734144], [-123.003673747737, 49.2518607501978], [-123.003677546712, 49.2524067820952]]]}}
]}
